[www.troa.fr/index.html]
[backblue.gif]
[fade.gif]
[index.html]
[www.troa.fr/assets/favicon/apple-touch-icon.png]
[www.troa.fr/assets/favicon/favicon-32x32.png]
[www.troa.fr/assets/favicon/favicon-16x16.png]
[www.troa.fr/assets/favicon/favicon.ico]
[www.troa.fr/assets/favicon/site.webmanifest]
[www.troa.fr/assets/favicon/safari-pinned-tab.svg]
[www.troa.fr/assets/fonts/tr3a/regular/tr3a-Regular.woff2]
[www.troa.fr/assets/fonts/tr3a/medium/tr3a-Medium.woff2]
[www.troa.fr/media/site/2503844675-1727275782/troa_home_bs_519a1601.jpg]
[www.troa.fr/assets/fonts/tr3a/medium/tr3a-Medium.woff]
[www.troa.fr/assets/fonts/tr3a/medium/tr3a-Medium.ttf]
[www.troa.fr/assets/fonts/tr3a/regular/tr3a-Regular.woff]
[www.troa.fr/assets/fonts/tr3a/regular/tr3a-Regular.ttf]
[www.troa.fr/assets/fonts/biroscript/sloppy/biroscriptplus-Sloppy.woff2]
[www.troa.fr/assets/fonts/biroscript/sloppy/biroscriptplus-Sloppy.woff]
[www.troa.fr/assets/site.DiuvROF8.css]
[www.troa.fr/realisations.html]
[www.troa.fr/expertises.html]
[www.troa.fr/agence.html]
[www.troa.fr/actualites.html]
[www.troa.fr/contact.html]
[www.troa.fr/mentions-legales.html]
[www.troa.fr/confidentialite.html]
[www.troa.fr/realisations/chd-art-maker.html]
[www.troa.fr/media/site/526ef6e229-1766138478/awwwards-cover-600x-q80.webp]
[www.troa.fr/realisations/ineo-sense.html]
[www.troa.fr/media/site/526e68f475-1761743136/ineo-sense-cover2-600x-q80.webp]
[www.troa.fr/realisations/toulouse-football-club.html]
[www.troa.fr/media/site/329954c4a2-1717957589/tfc-troa-cover-600x-q80.webp]
[www.troa.fr/realisations/stade-toulousain-9x8-project.html]
[www.troa.fr/media/site/060c302ed7-1734690138/stade-toulousain-troa-600x-q80.webp]
[www.troa.fr/realisations/marrons-imbert.html]
[www.troa.fr/media/site/48c56ae2ef-1761727240/marrons-imbert-cover2-600x-q80.webp]
[www.troa.fr/realisations/rodeo-film.html]
[www.troa.fr/media/site/36e58b93d3-1718027897/rodeo-cover-600x-q80.webp]
[www.troa.fr/realisations/lipton-teas.html]
[www.troa.fr/media/site/9113cfd50a-1718021576/lipton-cover2-600x-q80.webp]
[www.troa.fr/media/site/a2db0ef58f-1718003306/awwwards-troa-600x-q80.webp]
[www.troa.fr/media/site/69a24be5d8-1718003291/fwa-troa-600x-q80.webp]
[www.troa.fr/media/site/02d33775f6-1718003315/cssda-troa-600x-q80.webp]
[www.troa.fr/media/site/7d943dde73-1734106697/grand-prix-strategies-troa-600x-q80.webp]
[www.troa.fr/media/site/4c874794a5-1718033302/club-des-da-troa-600x-q80.webp]
[www.troa.fr/media/site/632477309b-1734106688/trophees-communication-troa-600x-q80.webp]
[www.troa.fr/expertises/direction-artistique.html]
[www.troa.fr/expertises/creation-site-web-vitrine.html]
[www.troa.fr/expertises/creation-site-ecommerce.html]
[www.troa.fr/expertises/outil-metier.html]
[www.troa.fr/expertises/seo-webmarketing.html]
[www.troa.fr/expertises/hebergement-web.html]
[www.troa.fr/media/site/09ee663c98-1736442841/troa_home_bs_519a1439-sd-600x-q80.webp]
[www.troa.fr/media/site/f84b03bea4-1727276761/troa_home_bs_519a1618-600x-q80.webp]
[www.troa.fr/media/site/c0d32fd70b-1736442757/troa_home_bs_519a1514-sd-600x-q80.webp]
[www.troa.fr/actualites/design-system.html]
[www.troa.fr/media/site/1ea6b8c890-1777281905/design-system-troa-600x-q80.webp]
[www.troa.fr/actualites/kirby-cms-vs-wordpress-comment-et-pourquoi-sortir-de-wordpress.html]
[www.troa.fr/media/site/2165e2ddc5-1773909036/troa_kirby-worpdress-600x-q80.webp]
[www.troa.fr/actualites/mixer-creativite-eco-conception.html]
[www.troa.fr/media/site/e7ae3c4c18-1751608386/cover-article-eco-600x-q80.webp]
[www.troa.fr/archives-realisations.html]
[www.troa.fr/media/site/620433fc79-1760969102/greenr-widget-blanc-600x-q80.webp]
[www.troa.fr/index.html]
[www.troa.fr/assets/site.77gZmHeJ.js]
[www.troa.fr/realisations/agence-foudre.html]
[www.troa.fr/media/site/ee8bae6585-1770743920/foudre-cover-600x-q80.webp]
[www.troa.fr/realisations/aquatique-show.html]
[www.troa.fr/media/site/3d202d04cc-1734690021/aquatique-show-troa-600x-q80.webp]
[www.troa.fr/realisations/polyclinique-sainte-therese.html]
[www.troa.fr/media/site/17e61f6eb4-1718027424/pst-cover-600x-q80.webp]
[www.troa.fr/realisations/d-une-rive-a-l-autre.html]
[www.troa.fr/media/site/b284a182ca-1734681673/cover-600x-q80.webp]
[www.troa.fr/realisations/phamily.html]
[www.troa.fr/media/site/1fbc5488fb-1735830189/phamily_image-0-600x-q80.webp]
[www.troa.fr/realisations/baccarat-rouge-540.html]
[www.troa.fr/media/site/5cee5fba23-1728997403/mfk540-cover2-600x-q80.webp]
[www.troa.fr/realisations/vestiaire-collective-impact-report-2023.html]
[www.troa.fr/media/site/3c5cf60ef8-1734901429/vc24-frame-249-600x-q80.webp]
[www.troa.fr/realisations/impulsion-by-sport2000.html]
[www.troa.fr/media/site/2a546d4f02-1729006555/impulsion-cover-600x-q80.webp]
[www.troa.fr/media/site/2695c50eed-1729000642/st-bout-cover-600x-q80.webp]
[www.troa.fr/media/site/e62e1a8ab3-1729006092/studio_16-600x-q80.webp]
[www.troa.fr/media/site/09057b0a19-1734690212/baillardran-troa-600x-q80.webp]
[www.troa.fr/media/site/1a7cace6a9-1736241027/vjtype-600x-q80.webp]
[www.troa.fr/realisations.html]
[www.troa.fr/media/site/4d9878c210-1734690453/grotte-demoiselles-troa-600x-q80.webp]
[www.troa.fr/media/site/8d72cde13f-1734019813/expertises-troa-1-600x-q80.webp]
[www.troa.fr/media/site/740a5b3b3c-1734020185/expertises-troa-3-600x-q80.webp]
[www.troa.fr/media/site/21b2f51e66-1727358258/troa_expertises_bs_519a1539-600x-q80.webp]
[www.troa.fr/media/site/8341ec795f-1734019837/creation-troa-600x-q80.webp]
[www.troa.fr/media/site/3bb1254672-1734019848/production-troa-600x-q80.webp]
[www.troa.fr/media/site/6c69068b7e-1734019861/conseil-troa-2-600x-q80.webp]
[www.troa.fr/media/site/84614ddb7a-1727358073/troa_da_cover-expertise-600x-q80.webp]
[www.troa.fr/media/site/d4476fb96d-1727358315/troa_site_cover-expertise-600x-q80.webp]
[www.troa.fr/media/site/a57ef3ff9b-1727358297/troa_eshop_cover-expertise-600x-q80.webp]
[www.troa.fr/media/site/8d6bf05bb4-1727358279/troa_crm_cover-expertise-600x-q80.webp]
[www.troa.fr/media/site/44f97ea32d-1734537784/seo-webmarketing-600x-q80.webp]
[www.troa.fr/media/site/d24d4b29ab-1727358102/troa_heb_cover-expertise-600x-q80.webp]
[www.troa.fr/expertises.html]
[www.troa.fr/media/site/3cb339d272-1727358719/troa_agence_bs_519a1772-600x-q80.webp]
[www.troa.fr/media/site/9ee44359cd-1727359142/troa_agence_bs_519a1484-600x-q80.webp]
[www.troa.fr/media/site/2503844675-1727275782/troa_home_bs_519a1601-600x-q80.webp]
[www.troa.fr/media/site/4278660a61-1734023982/troa-agence-4-600x-q80.webp]
[www.troa.fr/media/site/d12b5021b8-1727360476/troa_team_antoine-600x-q80.webp]
[www.troa.fr/media/site/1f68fb9021-1727360445/troa_team_brice-600x-q80.webp]
[www.troa.fr/media/site/c1ba5c867b-1727768182/troa_team_clara-600x-q80.webp]
[www.troa.fr/media/site/9be727299e-1727360455/troa_team_julien-600x-q80.webp]
[www.troa.fr/media/site/7943cadafb-1727360506/troa_team_leo-600x-q80.webp]
[www.troa.fr/media/site/32166a76fd-1727360464/troa_team_mathieu-600x-q80.webp]
[www.troa.fr/media/site/897dd7655c-1727360526/troa_team_romain-600x-q80.webp]
[www.troa.fr/media/site/ddcccc0082-1734819613/tfc-600x-q80.webp]
[www.troa.fr/media/site/570ca03b1c-1734620534/heroines-600x-q80.webp]
[www.troa.fr/media/site/970427b341-1744703672/amel-roudjia-600x-q80.webp]
[www.troa.fr/media/site/ed0be9e662-1744703681/cmobilier-600x-q80.webp]
[www.troa.fr/media/site/113be49217-1734620568/laguinguettedesamoureux-600x-q80.webp]
[www.troa.fr/media/site/42ba0a9381-1734620361/azzaro-600x-q80.webp]
[www.troa.fr/media/site/79bfce443e-1744703707/orpi-600x-q80.webp]
[www.troa.fr/media/site/108c1e05c7-1744704260/stade-toulousain-600x-q80.webp]
[www.troa.fr/media/site/75a1ffd3a4-1736767108/etap-igexao-600x-q80.webp]
[www.troa.fr/media/site/799e8f7beb-1734620553/icem-600x-q80.webp]
[www.troa.fr/media/site/9e3f84ad42-1736767039/patrowl-600x-q80.webp]
[www.troa.fr/media/site/40025caf50-1736767052/titan-600x-q80.webp]
[www.troa.fr/media/site/60dc41e756-1736767176/profil-600x-q80.webp]
[www.troa.fr/media/site/ae8a529f8a-1736767132/edmond-rotschild-600x-q80.webp]
[www.troa.fr/media/site/618425e231-1734620885/vestiaire-collective-600x-q80.webp]
[www.troa.fr/media/site/c21ab3431c-1734620731/rauzan-segla-600x-q80.webp]
[www.troa.fr/media/site/e37d92e72e-1736767208/ecv-600x-q80.webp]
[www.troa.fr/media/site/82d5a9fe92-1736767095/genvia-600x-q80.webp]
[www.troa.fr/media/site/8488e7759a-1745834188/binabaite-600x-q80.webp]
[www.troa.fr/media/site/deeb3fd1e3-1734620574/lepetitberet-600x-q80.webp]
[www.troa.fr/media/site/ccc065174e-1736767166/edacs-600x-q80.webp]
[www.troa.fr/media/site/460e13a5a6-1727437080/envol-600x-q80.webp]
[www.troa.fr/media/site/bea49ef2f4-1736767218/eartsup-600x-q80.webp]
[www.troa.fr/media/site/b503e45d58-1734620660/mts-600x-q80.webp]
[www.troa.fr/media/site/4fb7f71965-1736767062/resital-600x-q80.webp]
[www.troa.fr/media/site/c76e6639ff-1734620745/saaj-600x-q80.webp]
[www.troa.fr/media/site/dc4b1aae57-1736767198/glce-600x-q80.webp]
[www.troa.fr/media/site/da6b3c1042-1744703726/volum-600x-q80.webp]
[www.troa.fr/media/site/405cc9b964-1734620795/sakata-600x-q80.webp]
[www.troa.fr/media/site/52b09c5eef-1734620561/kulte-600x-q80.webp]
[www.troa.fr/media/site/50b07c326e-1734620580/lift-type-600x-q80.webp]
[www.troa.fr/media/site/32cbd6cc62-1734620699/paco-rabanne-600x-q80.webp]
[www.troa.fr/media/site/db49749746-1734620687/orthosud-600x-q80.webp]
[www.troa.fr/media/site/01205b7f13-1734620386/chanel-600x-q80.webp]
[www.troa.fr/media/site/ff30b71738-1734620855/tourresanchis-600x-q80.webp]
[www.troa.fr/media/site/70190f46c6-1727437436/alliance-audition-600x-q80.webp]
[www.troa.fr/media/site/1782844b74-1734620708/phamily-600x-q80.webp]
[www.troa.fr/media/site/6219700d80-1734620597/mca-600x-q80.webp]
[www.troa.fr/media/site/1b8da16313-1734620781/sos-main-600x-q80.webp]
[www.troa.fr/media/site/fd9431c3e2-1736767115/ingeniance-600x-q80.webp]
[www.troa.fr/media/site/6fb5a95f18-1744703690/exsud-600x-q80.webp]
[www.troa.fr/media/site/9ce878d83c-1734620815/sodexo-600x-q80.webp]
[www.troa.fr/media/site/807789ba70-1734620788/spag-600x-q80.webp]
[www.troa.fr/media/site/ac3c14bba0-1734620589/marin-montagut-600x-q80.webp]
[www.troa.fr/media/site/68f9afb579-1734620628/mfk-600x-q80.webp]
[www.troa.fr/media/site/b0a9785113-1744703719/slowgalerie-600x-q80.webp]
[www.troa.fr/media/site/f211dc7d16-1734620457/grungemama-600x-q80.webp]
[www.troa.fr/media/site/21f25e8148-1734620637/miti-navi-600x-q80.webp]
[www.troa.fr/media/site/851b4f2487-1734620324/addictopole-600x-q80.webp]
[www.troa.fr/media/site/5e76e031e5-1736767244/msh-sud-600x-q80.webp]
[www.troa.fr/media/site/db44b7271d-1734620766/snmkr-600x-q80.webp]
[www.troa.fr/media/site/8f5793c253-1745834039/hectare-600x-q80.webp]
[www.troa.fr/media/site/44e93b6530-1744703698/grandlitier-600x-q80.webp]
[www.troa.fr/media/site/63cd9b92a1-1736767288/opus-600x-q80.webp]
[www.troa.fr/media/site/db94c56acd-1734620339/antefixe-600x-q80.webp]
[www.troa.fr/media/site/ce4d867024-1734620416/concept-care-600x-q80.webp]
[www.troa.fr/media/site/490276c67b-1734620353/axa-600x-q80.webp]
[www.troa.fr/media/site/a1e0562681-1734620618/mesdemoiselles-600x-q80.webp]
[www.troa.fr/media/site/894a6795c1-1734620871/valege-600x-q80.webp]
[www.troa.fr/media/site/c21e01ceb2-1734620891/vj-type-600x-q80.webp]
[www.troa.fr/media/site/ea3a661022-1734620347/artene-600x-q80.webp]
[www.troa.fr/media/site/80b5251bf0-1734620400/chu-mtp-600x-q80.webp]
[www.troa.fr/media/site/2a4cca2802-1734620863/uro-st-jean-600x-q80.webp]
[www.troa.fr/media/site/1cdb221fde-1734620475/gillesetboissier-600x-q80.webp]
[www.troa.fr/media/site/3ae0ffc431-1734620432/fondation-chanel-600x-q80.webp]
[www.troa.fr/media/site/e50c8e3d50-1734620803/shirvan-600x-q80.webp]
[www.troa.fr/media/site/f11225fd05-1727436922/lipton-600x-q80.webp]
[www.troa.fr/media/site/e97f6b8703-1734620547/just-campagne-600x-q80.webp]
[www.troa.fr/media/site/eebc7909e8-1734620716/pst-600x-q80.webp]
[www.troa.fr/media/site/995c35522f-1736767084/noemie-600x-q80.webp]
[www.troa.fr/media/site/76fc1f315d-1734620392/chd-art-maker-600x-q80.webp]
[www.troa.fr/media/site/40d6d0ddad-1734620898/zakuw-600x-q80.webp]
[www.troa.fr/media/site/2b6e19818e-1734620366/baillardran-600x-q80.webp]
[www.troa.fr/media/site/4f7b00533b-1736767155/reysearch-600x-q80.webp]
[www.troa.fr/media/site/a0521012e4-1736767073/keloha-600x-q80.webp]
[www.troa.fr/media/site/b13b2ade92-1734620879/vdevinster-600x-q80.webp]
[www.troa.fr/media/site/fae6b17231-1736767232/dprt-600x-q80.webp]
[www.troa.fr/media/site/d12fd3a2af-1736767189/vendom-600x-q80.webp]
[www.troa.fr/media/site/c8805bb72c-1734620374/canon-600x-q80.webp]
[www.troa.fr/media/site/0f7a667d68-1736767273/aeko-600x-q80.webp]
[www.troa.fr/media/site/8607746c69-1734620739/rendezvous-store-600x-q80.webp]
[www.troa.fr/media/site/31c169ff49-1736767145/quadran-600x-q80.webp]
[www.troa.fr/media/site/7d7d0ada1d-1734620510/helft-pinta-600x-q80.webp]
[www.troa.fr/media/site/8126020ecb-1734620496/guysanchez-600x-q80.webp]
[www.troa.fr/media/site/ef75ea7e19-1734620380/carole-chiotasso-600x-q80.webp]
[www.troa.fr/media/site/3c4a6db404-1734620407/chu-nimes-600x-q80.webp]
[www.troa.fr/media/site/23aeb12f21-1736767297/styles-600x-q80.webp]
[www.troa.fr/media/site/e9f18a0b19-1734620676/ortho7-600x-q80.webp]
[www.troa.fr/media/site/121ea199be-1745834266/mat-et-seb-600x-q80.webp]
[www.troa.fr/agence.html]
[www.troa.fr/media/site/e043944970-1734620847/stella-suzie-600x-q80.webp]
[www.troa.fr/actualites/atomic-design-de-la-theorie-au-code.html]
[www.troa.fr/media/site/818586375c-1771595922/atomic-design-theorie-code-cover-600x-q80.webp]
[www.troa.fr/actualites/l-approche-atomic-design.html]
[www.troa.fr/media/site/d81d2b6baa-1765366335/atomic_design_thumbnail-600x-q80.webp]
[www.troa.fr/actualites/labellisation-greenr.html]
[www.troa.fr/media/site/cd6284ba30-1761829907/greenr-cover3-600x-q80.webp]
[www.troa.fr/actualites/ia-et-creation-de-contenu.html]
[www.troa.fr/media/site/d4423845f6-1757662924/ia-contenu-cover-600x-q80.webp]
[www.troa.fr/actualites/les-avantages-de-notre-back-office-kirby-cms.html]
[www.troa.fr/media/site/dcbd6b175b-1742896692/kirby-cms-cover-600x-q80.webp]
[www.troa.fr/actualites/pourquoi-utiliser-vanilla-js.html]
[www.troa.fr/media/site/f24e607d10-1746458964/vanilla-js-cover-600x-q80.webp]
[www.troa.fr/actualites/case-study-codrops.html]
[www.troa.fr/media/site/5fc6153ded-1744637718/codrops-article-thumbnail-600x-q80.webp]
[www.troa.fr/actualites/kirby-cms-eco-conception-web.html]
[www.troa.fr/media/site/28c43299e4-1743063739/panel-600x-q80.webp]
[www.troa.fr/actualites/micro-interactions-comment-elles-ameliorent-l-experience-utilisateur.html]
[www.troa.fr/media/site/05ed584a88-1772202619/micro-interaction-troa-600x-q80.webp]
[www.troa.fr/actualites.html]
[www.troa.fr/actualites/2.html]
[www.troa.fr/media/site/89a960455c-1729449449/troa_contact_519a1503-600x-q80.webp]
[www.troa.fr/media/site/b8dd295b10-1727430943/troa_contact_bs_519a1503-600x-q80.webp]
[www.troa.fr/contact.html]
[www.troa.fr/mentions-legales.html]
[www.troa.fr/confidentialite.html]
[www.troa.fr/media/site/ede7df0d13-1735815827/troa-contact-600x-q80.webp]
[www.troa.fr/media/site/64cee6b1b3-1766137120/chd-cover-600x-q80.webp]
[www.troa.fr/media/site/4e40973f80-1766137966/awwwards-3-600x-q80.webp]
[www.troa.fr/media/site/64cee6b1b3-1766137120/chd-cover.png]
[www.troa.fr/media/site/a36f9d52a2-1766138148/chd-video-1.png]
[www.troa.fr/media/site/5570ddc53b-1766138194/awwwards-2.mp4]
[www.troa.fr/media/site/64d0be76a9-1766138239/awwwards-4-600x-q80.webp]
[www.troa.fr/media/site/e2260333f5-1766138310/chd-video-2.png]
[www.troa.fr/realisations/chd-art-maker.html]
[www.troa.fr/media/site/526ef6e229-1766138478/awwwards-cover-600x-q90.webp 600w, https_/www.troa.fr/media/site/526ef6e229-1766138478/awwwards-cover-1024x-q80.webp 1024w, https_/www/awwwards-cover-2250x-q9]
[www.troa.fr/media/site/71290d6eb7-1766138029/awwwards-1.mp4]
[www.troa.fr/media/site/1a8c2ec028-1761743271/ineo-sense-1-600x-q80.webp]
[www.troa.fr/media/site/9b4d03c934-1761743291/ineo-sense-3-600x-q80.webp]
[www.troa.fr/media/site/526e68f475-1761743136/ineo-sense-cover2.png]
[www.troa.fr/media/site/b7d147fe5b-1761744831/ineo-sense-video3-cover.png]
[www.troa.fr/media/site/c99106f600-1761744826/ineo-sense-video3.mp4]
[www.troa.fr/media/site/8a66abde1d-1761743377/ineo-sense-2-600x-q80.webp]
[www.troa.fr/media/site/73a6310e71-1761743367/ineo-sense-intro-cover.png]
[www.troa.fr/media/site/f391188f18-1761743308/intro.mp4]
[www.troa.fr/media/site/b6417230a3-1761743401/ineo-sense-5-600x-q80.webp]
[www.troa.fr/media/site/776d81bfd8-1761743406/ineo-sense-4-600x-q80.webp]
[www.troa.fr/realisations/ineo-sense.html]
[www.troa.fr/media/site/526e68f475-1761743136/ineo-sense-cover2-600x-q90.webp 600w, https_/www.troa.fr/media/site/526e68f475-1761743136/ineo-sense-cover2-1024x-q80.webp 1024w, https/ineo-sense-cover2-2250x]
[www.troa.fr/media/site/4d794205b0-1761743442/product-page2.mp4]
[www.troa.fr/media/site/edbe79aced-1761743491/ineo-sense-product-page-cover.png]
[www.troa.fr/media/site/937520d14c-1718019747/tfc-troa-1-600x-q80.webp]
[www.troa.fr/media/site/329954c4a2-1717957589/tfc-troa-cover.jpg]
[www.troa.fr/media/site/5770af1de0-1718019813/tfc-troa-2-600x-q80.webp]
[www.troa.fr/media/site/b23b80bb29-1717957761/tfc-troa-3-600x-q80.webp]
[www.troa.fr/media/site/8b392651ea-1718019864/tfc-troa-4-600x-q80.webp]
[www.troa.fr/media/site/290621854e-1718019718/tfc-troa-5-600x-q80.webp]
[www.troa.fr/media/site/86a4336231-1718019895/tfc-troa-6-600x-q80.webp]
[www.troa.fr/media/site/2ae2729088-1718019943/troa-tfc-7-600x-q80.webp]
[www.troa.fr/media/site/1b3e7a98b9-1717958365/tfc-troa-8-600x-q80.webp]
[www.troa.fr/media/site/cb09fe35bf-1718019977/tfc-troa-9-600x-q80.webp]
[www.troa.fr/media/site/d5e818c6bc-1717958509/tfc-troa-10-600x-q80.webp]
[www.troa.fr/realisations/toulouse-football-club.html]
[www.troa.fr/media/site/329954c4a2-1717957589/tfc-troa-cover-600x-q90.webp 600w, https_/www.troa.fr/media/site/329954c4a2-1717957589/tfc-troa-cover-1024x-q80.webp 1024w, https_/www/tfc-troa-cover-2250x-q9]
[www.troa.fr/media/site/bcf044cedb-1734939237/9x8-frame1400003135-600x-q80.webp]
[www.troa.fr/media/site/060c302ed7-1734690138/stade-toulousain-troa.jpg]
[www.troa.fr/media/site/60ec50f913-1734940797/st9x8-frame-1400003134-600x-q80.webp]
[www.troa.fr/media/site/1f6e10eb96-1734815829/image3-600x-q80.webp]
[www.troa.fr/media/site/c647d80045-1734815842/image4-600x-q80.webp]
[www.troa.fr/media/site/4e926521e6-1734815863/image5-600x-q80.webp]
[www.troa.fr/media/site/6310b1d05a-1734815897/image6-600x-q80.webp]
[www.troa.fr/media/site/c0f7c7e295-1734815985/image7-600x-q80.webp]
[www.troa.fr/media/site/6f0ea65762-1734816020/image8-600x-q80.webp]
[www.troa.fr/media/site/0507af2f59-1734816031/image9-600x-q80.webp]
[www.troa.fr/media/site/8123816e2d-1734816062/image9-600x-q80.webp]
[www.troa.fr/media/site/93c539d844-1734816160/image-11-600x-q80.webp]
[www.troa.fr/media/site/9aed2e994c-1734816192/image-12-600x-q80.webp]
[www.troa.fr/realisations/stade-toulousain-9x8-project.html]
[www.troa.fr/media/site/d4950950da-1734816223/image-9-600x-q80.webp]
[www.troa.fr/media/site/060c302ed7-1734690138/stade-toulousain-troa-600x-q90.webp 600w, https/www.troa.fr/media/site/060c302ed7-1734690138/stade-toulousain-troa-1024x-q80.webp 1024w/stade-toulousain-troa-2]
[www.troa.fr/media/site/c000ea7353-1761726995/marrons-imbert-1-600x-q80.webp]
[www.troa.fr/media/site/af215ad34b-1761727008/marrons-imbert-6-600x-q80.webp]
[www.troa.fr/media/site/f922b0108a-1761727026/marrons-imbert-2-600x-q80.webp]
[www.troa.fr/media/site/a7b7e06399-1761727059/marrons-imbert-4-600x-q80.webp]
[www.troa.fr/media/site/48c56ae2ef-1761727240/marrons-imbert-cover2.png]
[www.troa.fr/media/site/115f2cc5d9-1761727046/marrons-imbert-3-600x-q80.webp]
[www.troa.fr/media/site/2d40651dc3-1761727071/marrons-imbert-5-600x-q80.webp]
[www.troa.fr/media/site/02026bc01a-1761727079/marrons-imbert-7-600x-q80.webp]
[www.troa.fr/realisations/marrons-imbert.html]
[www.troa.fr/media/site/48c56ae2ef-1761727240/marrons-imbert-cover2-600x-q90.webp 600w, https/www.troa.fr/media/site/48c56ae2ef-1761727240/marrons-imbert-cover2-1024x-q80.webp 1024w/marrons-imbert-cover2-2]
[www.troa.fr/media/site/d6c6ad54f1-1761727090/marrons-imbert-8-600x-q80.webp]
[www.troa.fr/media/site/106beab796-1718637400/rodeo-1-600x-q80.webp]
[www.troa.fr/media/site/36e58b93d3-1718027897/rodeo-cover.jpg]
[www.troa.fr/media/site/5440673e38-1718637552/frame-13073-600x-q80.webp]
[www.troa.fr/media/site/62caf9e6ce-1718890435/rodeo-post1.mp4]
[www.troa.fr/media/site/9b9ad6444c-1736971391/rodeo-post1.jpg]
[www.troa.fr/media/site/9bdad9f9b0-1718632873/rode-vi-2-600x-q80.webp]
[www.troa.fr/media/site/5c1f651b42-1718639671/capture-decran-2024-06-17-a-17.49.26-600x-q80.webp]
[www.troa.fr/media/site/5f2176fc10-1718639856/capture-decran-2024-06-17-a-17.56.43-600x-q80.webp]
[www.troa.fr/media/site/22ac7275d0-1718637630/frame-13072-600x-q80.webp]
[www.troa.fr/media/site/eace5b6c0f-1718637729/frame-13074-600x-q80.webp]
[www.troa.fr/media/site/1c3f76b088-1718637843/gallery_19-600x-q80.webp]
[www.troa.fr/media/site/203781a1c0-1718639054/frame-13076-600x-q80.webp]
[www.troa.fr/media/site/fd6d9c040d-1718639079/frame-13075-600x-q80.webp]
[www.troa.fr/realisations/rodeo-film.html]
[www.troa.fr/media/site/36e58b93d3-1718027897/rodeo-cover-600x-q90.webp 600w, https_/www.troa.fr/media/site/36e58b93d3-1718027897/rodeo-cover-1024x-q80.webp 1024w, https_/www.troa.f/rodeo-cover-2250x-q90.2]
[www.troa.fr/media/site/016dc67de5-1718639102/frame-13091-600x-q80.webp]
[www.troa.fr/media/site/85378d2128-1718021847/lipton-troa-1-600x-q80.webp]
[www.troa.fr/media/site/f467454bd7-1717960684/lipton-troa-2-600x-q80.webp]
[www.troa.fr/media/site/554d13ee31-1717960701/lipton-troa-3-600x-q80.webp]
[www.troa.fr/media/site/47c2da8e7a-1717960742/lipton-troa-4-600x-q80.webp]
[www.troa.fr/media/site/7fea57faaf-1717960771/lipton-troa-5-600x-q80.webp]
[www.troa.fr/media/site/08e10f72f9-1717960808/lipton-troa-6-600x-q80.webp]
[www.troa.fr/media/site/ad78ecea07-1717960855/lipton-troa-7-600x-q80.webp]
[www.troa.fr/media/site/a3092e9018-1717960884/lipton-troa-8-600x-q80.webp]
[www.troa.fr/media/site/9113cfd50a-1718021576/lipton-cover2.jpg]
[www.troa.fr/media/site/da8de1c227-1717960898/lipton-troa-9-600x-q80.webp]
[www.troa.fr/media/site/f644948492-1717960918/lipton-troa-10-600x-q80.webp]
[www.troa.fr/realisations/lipton-teas.html]
[www.troa.fr/media/site/bdbd65a341-1717960995/lipton-troa-11-600x-q80.webp]
[www.troa.fr/media/site/9113cfd50a-1718021576/lipton-cover2-600x-q90.webp 600w, https_/www.troa.fr/media/site/9113cfd50a-1718021576/lipton-cover2-1024x-q80.webp 1024w, https_/www.tr/lipton-cover2-2250x-q90]
[www.troa.fr/media/site/a2db0ef58f-1718003306/awwwards-troa-600x-q90.webp 600w, https_/www.troa.fr/media/site/a2db0ef58f-1718003306/awwwards-troa-1024x-q80.webp 1024w, https_/www.tr/awwwards-troa-2250x-q90]
[www.troa.fr/media/site/69a24be5d8-1718003291/fwa-troa-600x-q90.webp 600w, https_/www.troa.fr/media/site/69a24be5d8-1718003291/fwa-troa-1024x-q80.webp 1024w, https_/www.troa.fr/medi/fwa-troa-2250x-q90.2f.d]
[www.troa.fr/media/site/02d33775f6-1718003315/cssda-troa-600x-q90.webp 600w, https_/www.troa.fr/media/site/02d33775f6-1718003315/cssda-troa-1024x-q80.webp 1024w, https_/www.troa.fr//cssda-troa-2250x-q90.31]
[www.troa.fr/media/site/7d943dde73-1734106697/grand-prix-strategies-troa-600x-q90.webp 600w,/www.troa.fr/media/site/7d943dde73-1734106697/grand-prix-strategies-troa-1024x-q80.webp/grand-prix-strategies-t]
[www.troa.fr/media/site/4c874794a5-1718033302/club-des-da-troa-600x-q90.webp 600w, https_/www.troa.fr/media/site/4c874794a5-1718033302/club-des-da-troa-1024x-q80.webp 1024w, https_//club-des-da-troa-2250x-]
[www.troa.fr/media/site/632477309b-1734106688/trophees-communication-troa-600x-q90.webp 600w,/www.troa.fr/media/site/632477309b-1734106688/trophees-communication-troa-1024x-q80.webp/trophees-communication-]
[www.troa.fr/media/site/3ca31178a3-1733505822/grotte-demoiselles-print-600x-q80.webp]
[www.troa.fr/media/site/3e5aa7a5ac-1733505237/da-troa-2-600x-q80.webp]
[www.troa.fr/media/site/9a321a225c-1727681638/troa_expertise_da_bs_519a1527-600x-q80.webp]
[www.troa.fr/media/site/a5790d510d-1736528854/bloo-600x-q80.webp]
[www.troa.fr/media/site/6efbd07d6b-1735829729/phamily_image-3-600x-q80.webp]
[www.troa.fr/media/site/55104edfc4-1734538157/direction-artistique-troa-1-600x-q80.webp]
[www.troa.fr/media/site/d2cad100fe-1736529603/frame-1087-600x-q80.webp]
[www.troa.fr/actualites/design-web-sobriete-numerique.html]
[www.troa.fr/expertises/direction-artistique.html]
[www.troa.fr/media/site/0042263886-1734541367/design-responsable-cover-600x-q80.webp]
[www.troa.fr/media/site/a5ccdb31ce-1718026204/vc23-cover-600x-q80.webp]
[www.troa.fr/media/site/0cd8147852-1727682816/troa_expertises_site_bs_519a1622-600x-q80.webp]
[www.troa.fr/media/site/ffcb9c67e8-1736241229/troa_home_bs_519a1480-600x-q80.webp]
[www.troa.fr/media/site/78f976ed9f-1736151619/frame-1400003175-600x-q80.webp]
[www.troa.fr/media/site/b7c5e615fb-1736528647/01-600x-q80.webp]
[www.troa.fr/media/site/802ba14450-1734627846/01-600x-q80.webp]
[www.troa.fr/media/site/02d466ec23-1734538747/site-vitrine-troa-5-600x-q80.webp]
[www.troa.fr/actualites/accessibilite-web.html]
[www.troa.fr/expertises/creation-site-web-vitrine.html]
[www.troa.fr/media/site/7be49d27e0-1728985508/accessibilite-web-cover-600x-q80.webp]
[www.troa.fr/media/site/374fe0f81b-1729505826/ecommerce-troa-1-600x-q80.webp]
[www.troa.fr/media/site/96f0e84b58-1729505834/ecommerce-troa2-600x-q80.webp]
[www.troa.fr/media/site/0e0f889406-1734539180/ecommerce-troa-12-600x-q80.webp]
[www.troa.fr/media/site/a7a4a23d15-1734539190/ecommerce-troa-10-600x-q80.webp]
[www.troa.fr/media/site/c4125a25fa-1734539198/ecommerce-troa-11-600x-q80.webp]
[www.troa.fr/media/site/39a6602f8a-1734539251/ecommerce-troa-13-600x-q80.webp]
[www.troa.fr/expertises/creation-site-ecommerce.html]
[www.troa.fr/media/site/958494a71f-1727863663/heroines5-600x-q80.webp]
[www.troa.fr/media/site/5435b297b8-1729518668/crm-troa-1-600x-q80.webp]
[www.troa.fr/media/site/c513cec94c-1729518676/crm-troa-2-600x-q80.webp]
[www.troa.fr/media/site/ea3741374c-1734539548/outil-metier-troa-3-600x-q80.webp]
[www.troa.fr/media/site/f8a57543f8-1734539538/outil-metier-troa-5-600x-q80.webp]
[www.troa.fr/media/site/97aaa17660-1729518691/crm-troa-3-600x-q80.webp]
[www.troa.fr/media/site/45d8e39cdc-1734539562/outil-metier-troa-1-600x-q80.webp]
[www.troa.fr/expertises/outil-metier.html]
[www.troa.fr/media/site/78ee3357a7-1729021364/aeko-cover-600x-q80.webp]
[www.troa.fr/media/site/3d23fb6722-1734540205/seo-troa-4-600x-q80.webp]
[www.troa.fr/media/site/23f6b41183-1734540213/seo-troa-1-600x-q80.webp]
[www.troa.fr/media/site/5e011d1e71-1734540228/seo-troa-3-600x-q80.webp]
[www.troa.fr/media/site/ea75b9bd9b-1734540260/outil-metier-troa-2-600x-q80.webp]
[www.troa.fr/media/site/406b66f51e-1734540267/seo-troa-2-600x-q80.webp]
[www.troa.fr/actualites/bases-comprendre-seo.html]
[www.troa.fr/media/site/ab11c220b4-1733483568/base-seo-cover-600x-q80.webp]
[www.troa.fr/media/pages/realisations/vendom-talents/20755d0edd-1717515579/vendom-cover-15-min-min-600x-q80.webp]
[www.troa.fr/expertises/seo-webmarketing.html]
[www.troa.fr/media/site/4265265ed1-1729265970/hebergement-web-troa-3-600x-q80.webp]
[www.troa.fr/media/site/308629305a-1729265939/hebergement-web-troa-2-600x-q80.webp]
[www.troa.fr/media/site/ea2a5cb350-1729265929/hebergement-web-troa-1-600x-q80.webp]
[www.troa.fr/media/site/833c424bcb-1734539846/hebergement-web-troa-10-600x-q80.webp]
[www.troa.fr/media/site/7548759693-1734539855/hebergement-web-troa-11-600x-q80.webp]
[www.troa.fr/expertises/hebergement-web.html]
[www.troa.fr/media/site/09ee663c98-1736442841/troa_home_bs_519a1439-sd-600x-q90.webp 600w, ht/www.troa.fr/media/site/09ee663c98-1736442841/troa_home_bs_519a1439-sd-1024x-q80.webp 10/troa_home_bs_519a1439-s]
[www.troa.fr/media/site/f84b03bea4-1727276761/troa_home_bs_519a1618-600x-q90.webp 600w, https/www.troa.fr/media/site/f84b03bea4-1727276761/troa_home_bs_519a1618-1024x-q80.webp 1024w/troa_home_bs_519a1618-2]
[www.troa.fr/media/site/c0d32fd70b-1736442757/troa_home_bs_519a1514-sd-600x-q90.webp 600w, ht/www.troa.fr/media/site/c0d32fd70b-1736442757/troa_home_bs_519a1514-sd-1024x-q80.webp 10/troa_home_bs_519a1514-s]
[www.troa.fr/media/site/05e5d14400-1734539862/hebergement-web-troa-12-600x-q80.webp]
[www.troa.fr/actualites/annual-awwwards-2021.html]
[www.troa.fr/actualites/design-system.html]
[www.troa.fr/media/site/1ea6b8c890-1777281905/design-system-troa-600x-q90.webp 600w, https_/www.troa.fr/media/site/1ea6b8c890-1777281905/design-system-troa-1024x-q80.webp 1024w, htt/design-system-troa-2250]
[www.troa.fr/media/site/5724f8ae32-1728986989/annual-awwwards21-cover-600x-q80.webp]
[www.troa.fr/media/site/af62a93def-1773826466/kirby-cms-troa-2026-20-600x-q80.webp]
[www.troa.fr/media/site/266e719c04-1773827022/troaby.png]
[www.troa.fr/media/site/e698793e6c-1773827107/troaby-cms.qt]
[www.troa.fr/actualites/kirby-cms-vs-wordpress-comment-et-pourquoi-sortir-de-wordpress.html]
[www.troa.fr/media/site/2165e2ddc5-1773909036/troa_kirby-worpdress-600x-q90.webp 600w, https_/www.troa.fr/media/site/2165e2ddc5-1773909036/troa_kirby-worpdress-1024x-q80.webp 1024w,/troa_kirby-worpdress-22]
[www.troa.fr/media/site/8a131de466-1773826483/kirby-cms-troa-2026-10-600x-q80.webp]
[www.troa.fr/media/site/cbdb30990f-1751608569/article-eco-1-xsd-tiny-600x-q80.webp]
[www.troa.fr/media/site/bc005cddeb-1751607842/article-eco-001-600x-q80.webp]
[www.troa.fr/media/site/e09947e660-1751607991/article-eco-16-1-sd-tiny-600x-q80.webp]
[www.troa.fr/media/site/8910247df0-1751608038/article-eco-8-600x-q80.webp]
[www.troa.fr/media/site/34b4360751-1751608189/article-eco-15-600x-q80.webp]
[www.troa.fr/media/site/e3e1fece6d-1751608266/article-eco-14-sd-tiny-600x-q80.webp]
[www.troa.fr/actualites/mixer-creativite-eco-conception.html]
[www.troa.fr/media/site/7413bd3d39-1750953601/instagram-post-2-600x-q80.webp]
[www.troa.fr/media/site/e7ae3c4c18-1751608386/cover-article-eco-600x-q90.webp 600w, https_/www.troa.fr/media/site/e7ae3c4c18-1751608386/cover-article-eco-1024x-q80.webp 1024w, https/cover-article-eco-2250x]
[www.troa.fr/media/site/984cc5f13b-1761049115/caoutchouc-cover2-600x-q80.webp]
[www.troa.fr/media/site/6e2ba67575-1757930820/mat-seb-2025-cover-600x-q80.webp]
[www.troa.fr/media/site/ec18c5d5b5-1756888883/gricimen-cover-600x-q80.webp]
[www.troa.fr/media/site/58df5286d5-1756884365/movimento-cover-600x-q80.webp]
[www.troa.fr/media/site/95789b4029-1756884988/lipton-journey-cover-600x-q80.webp]
[www.troa.fr/media/site/ca45157e52-1756885355/carole-chiotasso-cover-600x-q80.webp]
[www.troa.fr/media/site/bee478c664-1757930020/phamily-crm-cover-600x-q80.webp]
[www.troa.fr/media/site/88581f5bf6-1735901707/kaleo-cover-600x-q80.webp]
[www.troa.fr/media/site/cb24c96630-1734941936/cfai-vitrolles-2-1920x-q80-600x-q80.webp]
[www.troa.fr/media/site/6d149373d8-1735815400/titan-frame-1400003142-1-600x-q80.webp]
[www.troa.fr/media/site/f8fef4666c-1735905059/i4g-thumbs-600x-q80.webp]
[www.troa.fr/media/site/2c7c07e942-1734942589/patrowl-frame1400003138-600x-q80.webp]
[www.troa.fr/media/site/ef9d05ae91-1735903835/parlons-verre-thumbs-600x-q80.webp]
[www.troa.fr/media/site/4fe8dca82c-1729008535/cmobilier-cover-600x-q80.webp]
[www.troa.fr/media/site/507318a660-1734719399/sakata-600x-q80.webp]
[www.troa.fr/media/site/09f82e552f-1734719897/keloha-600x-q80.webp]
[www.troa.fr/media/site/77dbf77cae-1735915869/stac-cover-600x-q80.webp]
[www.troa.fr/media/site/ff56ad988f-1734720022/egsa-btp-600x-q80.webp]
[www.troa.fr/media/site/77d809e26d-1734720428/jh-2-600x-q80.webp]
[www.troa.fr/media/site/0f492c3e54-1734718024/patte-blanche-600x-q80.webp]
[www.troa.fr/media/site/40486aa097-1729022023/flex-cover-600x-q80.webp]
[www.troa.fr/media/site/fb3938cec4-1735902832/mfk-jardin-600x-q80.webp]
[www.troa.fr/media/site/3616dfb7dd-1734716591/camping-farret-600x-q80.webp]
[www.troa.fr/media/site/7d36ae775b-1735901233/plantgrappe-cover-600x-q80.webp]
[www.troa.fr/media/site/6c47b7bfc4-1735835505/crouzet-thumb-600x-q80.webp]
[www.troa.fr/media/site/4e0527174b-1735834047/shirvan-thumb-600x-q80.webp]
[www.troa.fr/media/site/bb83ffd4e8-1735904143/mfk-am-600x-q80.webp]
[www.troa.fr/media/site/4d39f4c5a5-1735901466/reysearch-cover-600x-q80.webp]
[www.troa.fr/media/site/e6da3cfe88-1734717484/lpdlr-600x-q80.webp]
[www.troa.fr/media/site/14c3312fd5-1735904177/mfk-matin-soir-600x-q80.webp]
[www.troa.fr/media/site/f1d2e2c607-1734716756/concept-care-600x-q80.webp]
[www.troa.fr/media/site/92298430da-1735900509/nicopop-thumbs-600x-q80.webp]
[www.troa.fr/media/site/ab2c78aaf4-1729449897/324853134_1754502481611369_6161380620898520111-600x-q80.webp]
[www.troa.fr/media/site/2b07c3af6a-1729083725/canon-cover-600x-q80.webp]
[www.troa.fr/media/site/8b7810ac6a-1729083690/rauzan-cover-600x-q80.webp]
[www.troa.fr/media/site/eb5488245e-1729021707/envol-cover-600x-q80.webp]
[www.troa.fr/media/site/b5aeb4fc95-1729022744/zakuw-cover-600x-q80.webp]
[www.troa.fr/media/site/f8b9ca3ae1-1734716281/alliance-audition-600x-q80.webp]
[www.troa.fr/media/site/e5d687193a-1734716063/groupe-spag-600x-q80.webp]
[www.troa.fr/media/site/e20f265e38-1735814865/resital-cover2-600x-q80.webp]
[www.troa.fr/media/site/28920ec9b4-1735904225/mfk-noel-600x-q80.webp]
[www.troa.fr/media/site/c4d779b5b7-1735903092/mfk-724-600x-q80.webp]
[www.troa.fr/media/site/c7bd9f1e13-1735904099/ha-cover-600x-q80.webp]
[www.troa.fr/media/site/59e9255c7c-1735900370/sailcoop-thumbs-600x-q80.webp]
[www.troa.fr/media/site/a3ac2abec8-1734717744/benin-600x-q80.webp]
[www.troa.fr/media/site/fac07965e7-1734717265/corum-600x-q80.webp]
[www.troa.fr/media/site/7c8810e854-1735899402/zenith-sud-thumbs-600x-q80.webp]
[www.troa.fr/media/site/2714a5c6d7-1729008949/36v-cover-600x-q80.webp]
[www.troa.fr/media/site/d1fa41e6b1-1729068046/perles-cover-600x-q80.webp]
[www.troa.fr/media/site/abe65179e3-1727682043/edacs-compo-001-min-600x-q80.webp]
[www.troa.fr/media/site/8ab1f239c9-1729021262/ederloza-cover-600x-q80.webp]
[www.troa.fr/media/site/385bac5998-1729450002/327283967_168408395923794_8512202436212449698_n-600x-q80.webp]
[www.troa.fr/media/site/aa32fd94db-1727866873/enr-600x-q80.webp]
[www.troa.fr/media/pages/realisations/l-influence/9ca6df4a07-1717515515/l-influence_cover_03-600x-q80.webp]
[www.troa.fr/media/site/e85723e27b-1727865605/mtp-evt-600x-q80.webp]
[www.troa.fr/media/site/dea5bdca3e-1729022623/kino-cover-600x-q80.webp]
[www.troa.fr/media/pages/realisations/tourre-sanchis/6e4e774f78-1717515634/tourresanchis-cover-2-600x-q80.webp]
[www.troa.fr/media/pages/realisations/vestiaire-collective-impact-report-2022/cca372c1e4-1717515583/vestiaireco-cover-01-600x-q80.webp]
[www.troa.fr/media/pages/realisations/x1-racing-suspension/752151b041-1717515628/x1racing-cover-4-600x-q80.webp]
[www.troa.fr/media/site/0d629aa225-1734715737/fondation-chanel-600x-q80.webp]
[www.troa.fr/media/pages/realisations/po-rocchi/e3d34c7373-1717515596/po-rocchi_cover_02-600x-q80.webp]
[www.troa.fr/media/site/c8b6383cd6-1735833793/styles-thumbs-600x-q80.webp]
[www.troa.fr/media/site/2f01b148dd-1735901711/one-million-thumbs-600x-q80.webp]
[www.troa.fr/media/site/721e1193e6-1735901965/lady-million-thumbs-600x-q80.webp]
[www.troa.fr/media/site/3c656eb0df-1735902068/invictus-thumbs-600x-q80.webp]
[www.troa.fr/media/site/6d61ca10fc-1735899533/entav-inra-thumbs-600x-q80.webp]
[www.troa.fr/media/site/016c8538b0-1735901822/olympea-thumbs-600x-q80.webp]
[www.troa.fr/media/site/42aaf5c9ba-1735901531/phantom-thumbs-600x-q80.webp]
[www.troa.fr/media/site/2bfcc2ce0d-1729010882/addoc-cover-600x-q80.webp]
[www.troa.fr/media/site/c77321100e-1727867154/azzaro-600x-q80.webp]
[www.troa.fr/media/site/8674e18ded-1729083066/elorell-h7a8529-1440x-q80-600x-q80.webp]
[www.troa.fr/media/site/2e232df514-1727862347/matetseb-600x-q80.webp]
[www.troa.fr/media/pages/realisations/miti-navi/553a75bfbf-1717515597/arslan-production-32-resize-600x-q80.webp]
[www.troa.fr/media/site/775021bdb9-1729000609/ciao-paco-cover-600x-q80.webp]
[www.troa.fr/media/pages/realisations/profil-occitanie/e3b4ec9fbc-1717515511/profil-cover-5-min2-600x-q80.webp]
[www.troa.fr/media/site/a537dd563f-1727866118/slow-600x-q80.webp]
[www.troa.fr/media/site/9e2dcfbfa8-1729450250/187605616_503178507801230_1964372443572654177_n-1-600x-q80.webp]
[www.troa.fr/media/site/69e7bc1da9-1735834729/feely-thumb-600x-q80.webp]
[www.troa.fr/media/site/9559bc0fb4-1735899769/artene-thumbs-600x-q80.webp]
[www.troa.fr/media/site/aec5318d66-1735899898/bina-baitel-thumbs-600x-q80.webp]
[www.troa.fr/media/site/5f4f513b18-1729450795/107248571_590415894995355_912381387281809594_n-1-600x-q80.webp]
[www.troa.fr/media/site/e1dfd63497-1729450718/125904348_405141554004328_8047099549041525335_n-1-600x-q80.webp]
[www.troa.fr/media/pages/realisations/gingko/6587756d96-1717515616/gingko-cover-101-min-600x-q80.webp]
[www.troa.fr/media/pages/realisations/helt-pinta/0da2104fce-1717515533/helftpinta-cover-1-min-600x-q80.webp]
[www.troa.fr/media/pages/realisations/hot-dog-club/801380640f-1717515530/hotdogclub-cover-1-600x-q80.webp]
[www.troa.fr/media/pages/realisations/huitres-sanchez/ee50cec89d-1717515558/guysanchez-cover-101-min-600x-q80.webp]
[www.troa.fr/media/pages/realisations/la-guinguette-des-amoureux/0ae8169453-1717515551/laguinguettedesamoureux-cover-2-600x-q80.webp]
[www.troa.fr/media/pages/realisations/lift-type/4c5d971681-1717515537/liftype-cover-6-min-600x-q80.webp]
[www.troa.fr/media/site/ae71958bb7-1729010851/mshsud-cover-600x-q80.webp]
[www.troa.fr/media/site/e0e59d30ba-1735911139/ariane-compta-thumbs-600x-q80.webp]
[www.troa.fr/media/site/33966235a2-1735834891/extra-time-thumb-600x-q80.webp]
[www.troa.fr/media/site/4d6664bfd3-1735900246/snmkr-thumbs-600x-q80.webp]
[www.troa.fr/media/site/e71d5fa956-1729451021/71829933_162656431505911_1541110292594434627_n-1-600x-q80.webp]
[www.troa.fr/media/pages/realisations/ingeniance-carrieres/2827157862-1717515623/ingeniance-cover-100-min-600x-q80.webp]
[www.troa.fr/media/site/1d7247541c-1729451423/53016433_629674307468686_1053349481451446099_n-1-600x-q80.webp]
[www.troa.fr/media/site/df5a10f0e5-1729451316/51450857_784131065278121_3849298855280876656_n-1-600x-q80.webp]
[www.troa.fr/media/pages/realisations/simpliscine/9dddb52428-1717515611/simpliscine-cover-1-600x-q80.webp]
[www.troa.fr/media/site/37bf7819d9-1735900095/alteo-nature-thumbs-600x-q80.webp]
[www.troa.fr/media/site/b7c94de0c1-1735835052/antefixe-thumb-600x-q80.webp]
[www.troa.fr/media/site/a812e6586e-1735901148/epic-empire-thumbs-600x-q80.webp]
[www.troa.fr/media/site/488704cfb4-1734716892/la-scierie-600x-q80.webp]
[www.troa.fr/media/site/5e18729ad8-1735901337/anthony-florio-thumbs-600x-q80.webp]
[www.troa.fr/media/site/6b7c9ed108-1734607523/airpark-troa-600x-q80.webp]
[www.troa.fr/media/site/2b89b17dc2-1729452167/41473876_1846403308762844_4732548287761403884_n-1-600x-q80.webp]
[www.troa.fr/media/site/05cfbac67e-1727865550/grvnt2-600x-q80.webp]
[www.troa.fr/media/site/f8f9471722-1727862175/capture-decran-2024-10-02-a-11.41.50-600x-q80.webp]
[www.troa.fr/media/site/96fd680381-1729452089/29715227_1622381801150365_3057674053671190528_n-1-600x-q80.webp]
[www.troa.fr/media/pages/realisations/valege/b9da6a3071-1717515602/valege-cover-102-min-600x-q80.webp]
[www.troa.fr/media/pages/realisations/vendom-company/8087b4d3eb-1717515608/vendom-cover-2-600x-q80.webp]
[www.troa.fr/media/pages/realisations/florent-petitfrere/d1bb2df2a0-1717515546/florent-petitfrere-cover-25-min-min-600x-q80.webp]
[www.troa.fr/media/pages/realisations/jain/cb6d092ffc-1717515528/jain-cover-2-600x-q80.webp]
[www.troa.fr/media/pages/realisations/mecenes-du-sud/6a4a2b8ef3-1717515507/mds-cover-2-min-600x-q80.webp]
[www.troa.fr/media/site/cedef8b13f-1729024567/eurocks-cover-600x-q80.webp]
[www.troa.fr/media/site/7592d5872e-1727864619/ortho7-600x-q80.webp]
[www.troa.fr/media/site/6fe107eb3d-1729026266/saintsauveur-cover-600x-q80.webp]
[www.troa.fr/media/site/784e86cf71-1734607585/wezr-troa-600x-q80.webp]
[www.troa.fr/archives-realisations.html]
[www.troa.fr/media/site/782054de7b-1735900989/mesdemoisellesparis-thumbs-600x-q80.webp]
[www.troa.fr/media/site/626bcbccdd-1770743837/foudre-head4-600x-q80.webp]
[www.troa.fr/media/site/1c4eb1e22c-1770744108/foudre-2-600x-q80.webp]
[www.troa.fr/media/site/626bcbccdd-1770743837/foudre-head4.png]
[www.troa.fr/media/site/d24f2f63ae-1770744352/foudre-loop-1-cover.png]
[www.troa.fr/media/site/ce9d717315-1770744223/foudre-loop1.mp4]
[www.troa.fr/media/site/e68590918a-1770744271/foudre-4-600x-q80.webp]
[www.troa.fr/media/site/2dc8fe524e-1770744293/foudre-loop3.mp4]
[www.troa.fr/media/site/64204e3602-1770744418/foudre-loop-3-cover.png]
[www.troa.fr/media/site/a20a75a192-1770744459/foudre-3-600x-q80.webp]
[www.troa.fr/realisations/agence-foudre.html]
[www.troa.fr/media/site/ee8bae6585-1770743920/foudre-cover-600x-q90.webp 600w, https_/www.troa.fr/media/site/ee8bae6585-1770743920/foudre-cover-1024x-q80.webp 1024w, https_/www.troa/foudre-cover-2250x-q90]
[www.troa.fr/media/site/ba2cf4dafb-1734898930/aqua_image-600x-q80.webp]
[www.troa.fr/media/site/e953e2f719-1734898940/aqua_02-600x-q80.webp]
[www.troa.fr/media/site/f452137ddf-1734899008/aqua_composition-1-0-00-00-03.jpg]
[www.troa.fr/media/site/3d202d04cc-1734690021/aquatique-show-troa.png]
[www.troa.fr/media/site/ba02d49991-1734898998/composition-1_5.mp4]
[www.troa.fr/media/site/5ef5b795e3-1734899037/aqua_04-600x-q80.webp]
[www.troa.fr/media/site/c46e214716-1734899062/aqua_06-600x-q80.webp]
[www.troa.fr/media/site/fc04bae2d8-1734899073/aqua_07-600x-q80.webp]
[www.troa.fr/media/site/469d799f0e-1734899100/aqua_08-600x-q80.webp]
[www.troa.fr/media/site/0b541a44a3-1734899128/aqua_09-600x-q80.webp]
[www.troa.fr/realisations/aquatique-show.html]
[www.troa.fr/media/site/3d202d04cc-1734690021/aquatique-show-troa-600x-q90.webp 600w, https_/www.troa.fr/media/site/3d202d04cc-1734690021/aquatique-show-troa-1024x-q80.webp 1024w, h/aquatique-show-troa-225]
[www.troa.fr/media/site/0547f008f7-1734899146/aqua_10-600x-q80.webp]
[www.troa.fr/media/site/093e9c2e5c-1734902042/pst-frame-1400003131-600x-q80.webp]
[www.troa.fr/media/site/4219afc389-1734899409/pst_02-600x-q80.webp]
[www.troa.fr/media/site/17e61f6eb4-1718027424/pst-cover.jpg]
[www.troa.fr/media/site/91d6f43d4d-1734899437/pst_03-600x-q80.webp]
[www.troa.fr/media/site/3ef17335f2-1734902502/capture-decran-2024-12-22-a-22.21.01-600x-q80.webp]
[www.troa.fr/media/site/17b83d20db-1734902086/pst-frame-1093-600x-q80.webp]
[www.troa.fr/media/site/f1173bd1cd-1734899538/pst_04-600x-q80.webp]
[www.troa.fr/media/site/1dc2a5a837-1736238590/img_6082-600x-q80.webp]
[www.troa.fr/media/site/30017b1128-1734899761/pst_06-600x-q80.webp]
[www.troa.fr/media/site/39922ee6f0-1734899791/pst_087-600x-q80.webp]
[www.troa.fr/media/site/ee235ab95c-1734899799/pst_08-600x-q80.webp]
[www.troa.fr/media/site/b2be67137d-1734899831/pst_09-600x-q80.webp]
[www.troa.fr/media/site/060f9f2efe-1734899837/pst_10-600x-q80.webp]
[www.troa.fr/media/site/ccdee69655-1734899863/pst_11-600x-q80.webp]
[www.troa.fr/media/site/0f44fc727c-1734899883/pst_12-600x-q80.webp]
[www.troa.fr/media/site/e13adf4fc4-1734899897/pst_13-600x-q80.webp]
[www.troa.fr/media/site/b9c7003cf3-1734899927/pst_14-600x-q80.webp]
[www.troa.fr/media/site/f746ff330e-1734901695/pst-frame-1101-600x-q80.webp]
[www.troa.fr/realisations/polyclinique-sainte-therese.html]
[www.troa.fr/media/site/17e61f6eb4-1718027424/pst-cover-600x-q90.webp 600w, https_/www.troa.fr/media/site/17e61f6eb4-1718027424/pst-cover-1024x-q80.webp 1024w, https_/www.troa.fr/me/pst-cover-2250x-q90.58]
[www.troa.fr/media/site/cd415c5cee-1734899943/pst_15-600x-q80.webp]
[www.troa.fr/media/site/b284a182ca-1734681673/cover.jpg]
[www.troa.fr/media/site/c839713111-1734627859/02-600x-q80.webp]
[www.troa.fr/media/site/697ec1f50a-1734818056/capture-decran-2024-12-21-a-22.52.05.jpg]
[www.troa.fr/media/site/a5e3bf9b60-1734818043/untitled_1.mp4]
[www.troa.fr/media/site/1de4f306c4-1734628682/04-600x-q80.webp]
[www.troa.fr/media/site/6023b9c357-1734681726/05-600x-q80.webp]
[www.troa.fr/media/site/982d466706-1734681743/06-600x-q80.webp]
[www.troa.fr/media/site/184dcee8f5-1734681802/07-600x-q80.webp]
[www.troa.fr/media/site/d07f20f933-1734681815/08-600x-q80.webp]
[www.troa.fr/media/site/cf5fa9b258-1734681851/09-600x-q80.webp]
[www.troa.fr/media/site/9d44cb73c2-1734682002/feed5-600x-q80.webp]
[www.troa.fr/media/site/857348c149-1734682011/feed3-600x-q80.webp]
[www.troa.fr/media/site/dd5cc89018-1734817183/feed6a-600x-q80.webp]
[www.troa.fr/realisations/d-une-rive-a-l-autre.html]
[www.troa.fr/media/site/d307c45d85-1734817195/feed6b-600x-q80.webp]
[www.troa.fr/media/site/b284a182ca-1734681673/cover-600x-q90.webp 600w, https_/www.troa.fr/media/site/b284a182ca-1734681673/cover-1024x-q80.webp 1024w, https_/www.troa.fr/media/site/cover-2250x-q90.5b.dela]
[www.troa.fr/media/site/a0bee21896-1736003475/img_6095studiojuliec-600x-q80.webp]
[www.troa.fr/media/site/a0bee21896-1736003475/img_6095studiojuliec.jpg]
[www.troa.fr/media/site/5efa6b3f8c-1735829382/phamily_image-600x-q80.webp]
[www.troa.fr/media/site/1656efb7d0-1735829575/y-600x-q80.webp]
[www.troa.fr/media/site/ca82f78a54-1735829613/phamily_image-2-600x-q80.webp]
[www.troa.fr/media/site/af768c4c93-1735830199/phamily_image-4-600x-q80.webp]
[www.troa.fr/media/site/502cdfe088-1735830229/phamily_image-6-600x-q80.webp]
[www.troa.fr/media/site/32644c8a04-1735830255/phamily_image-7-600x-q80.webp]
[www.troa.fr/media/site/d0c58543c4-1735830528/phamily-frame-1107-600x-q80.webp]
[www.troa.fr/media/site/b04b65d9a6-1735832921/phamily_image-9-600x-q80.webp]
[www.troa.fr/media/site/bdeb75fd5b-1735832942/phamily_image-10-600x-q80.webp]
[www.troa.fr/media/site/0da4c42cd1-1735832968/phamily_image-12-600x-q80.webp]
[www.troa.fr/media/site/e422c464cb-1735833005/phamily_image-11-600x-q80.webp]
[www.troa.fr/media/site/b29d35c844-1735833016/phamily_image-14-600x-q80.webp]
[www.troa.fr/media/site/2f33f7fd15-1735833044/phamily_image-15-600x-q80.webp]
[www.troa.fr/realisations/phamily.html]
[www.troa.fr/media/site/1fbc5488fb-1735830189/phamily_image-0-600x-q90.webp 600w, https_/www.troa.fr/media/site/1fbc5488fb-1735830189/phamily_image-0-1024x-q80.webp 1024w, https_/ww/phamily_image-0-2250x-q]
[www.troa.fr/media/site/5c8e567bb6-1735833072/phamily_image-16-600x-q80.webp]
[www.troa.fr/media/site/5cee5fba23-1728997403/mfk540-cover2.jpg]
[www.troa.fr/media/site/85185861a6-1735853410/mfkbr540-cover-1.jpg]
[www.troa.fr/media/site/94cc286b24-1735853285/mfkbr540_2.mp4]
[www.troa.fr/media/site/9329bdec0c-1735853446/frame-154-600x-q80.webp]
[www.troa.fr/media/site/b69fcf2e3e-1735853432/70f64c576b3c475d55ba4f9e5a8aa172-600x-q80.webp]
[www.troa.fr/media/site/aef29a6618-1735853486/mfk_br_creds_quote-600x-q80.webp]
[www.troa.fr/media/site/f1f70425c5-1735853505/pasted-image-3-600x-q80.webp]
[www.troa.fr/media/site/c34c4a3889-1735853535/65017a2acc77d8a138967672db77302b-600x-q80.webp]
[www.troa.fr/realisations/baccarat-rouge-540.html]
[www.troa.fr/media/site/5cee5fba23-1728997403/mfk540-cover2-600x-q90.webp 600w, https_/www.troa.fr/media/site/5cee5fba23-1728997403/mfk540-cover2-1024x-q80.webp 1024w, https_/www.tr/mfk540-cover2-2250x-q90]
[www.troa.fr/media/site/85e14dbd36-1735853557/frame-1400003143-600x-q80.webp]
[www.troa.fr/media/site/56c9378fd7-1736005719/23-113bb0b6681e0681a05393bfbee6f68b-1920x-q80-1.jpg]
[www.troa.fr/media/site/56c9378fd7-1736005719/23-113bb0b6681e0681a05393bfbee6f68b-1920x-q80-1-600x-q80.webp]
[www.troa.fr/media/site/9c91e8ab97-1736150771/23-ec54f251cb462a65754f417d74637909-1920x-q80-600x-q80.webp]
[www.troa.fr/media/site/ba99a55a55-1736150786/365448676_228170316867314_741340565682359616_n-600x-q80.webp]
[www.troa.fr/media/site/bdc24a9b99-1736150826/365620018_668283418517009_3702717107859311133_n-600x-q80.webp]
[www.troa.fr/media/site/8a6a173001-1736150849/cover-appendix-1920x-q80-600x-q80.webp]
[www.troa.fr/media/site/b59d527f5b-1736150931/composition-1-cover.jpg]
[www.troa.fr/media/site/018ec1df88-1736150920/composition1-1.mp4]
[www.troa.fr/media/site/f10289fbb8-1736151000/365434131_659898422485954_3709326824278006057_n-600x-q80.webp]
[www.troa.fr/media/site/95276dc2b4-1736151022/23-2d0c3b9fe71af2521d936b3e7d0fed8e-1920x-q80-600x-q80.webp]
[www.troa.fr/media/site/23344baec1-1736151394/frame-1400003169-600x-q80.webp]
[www.troa.fr/media/site/f67de45b1a-1736151465/23-2aab10ea2f7166030666bacc2da60e03-1920x-q80-600x-q80.webp]
[www.troa.fr/media/site/7f27d3cd60-1736151507/frame-1400003173-600x-q80.webp]
[www.troa.fr/media/site/c056f32adf-1736151638/12f330cb0a38e95ff60fce8586774fc6-600x-q80.webp]
[www.troa.fr/realisations/vestiaire-collective-impact-report-2023.html]
[www.troa.fr/media/site/3c5cf60ef8-1734901429/vc24-frame-249-600x-q90.webp 600w, https_/www.troa.fr/media/site/3c5cf60ef8-1734901429/vc24-frame-249-1024x-q80.webp 1024w, https_/www/vc24-frame-249-2250x-q9]
[www.troa.fr/media/site/eaf1cd6c4d-1736151680/frame-1400003174-600x-q80.webp]
[www.troa.fr/media/site/2a546d4f02-1729006555/impulsion-cover.jpg]
[www.troa.fr/media/site/53ff5ab7fd-1736154437/impulsion_frame1400003153-600x-q80.webp]
[www.troa.fr/media/site/e91da729b5-1736154450/impulsion_frame1400003144-600x-q80.webp]
[www.troa.fr/media/site/f374934d40-1736154495/impulsion_frame1400003146-600x-q80.webp]
[www.troa.fr/media/site/016df1d927-1735900483/impulsion_frame1400003157-600x-q80.webp]
[www.troa.fr/media/site/ac3b1129b2-1735900509/impulsion_frame1400003149-600x-q80.webp]
[www.troa.fr/media/site/d6895bf5e1-1735900526/impulsion_frame1400003150-600x-q80.webp]
[www.troa.fr/media/site/10a67d5a3a-1735900552/impulsion_frame1400003148-600x-q80.webp]
[www.troa.fr/media/site/97ba35562f-1735900574/impulsion_frame1400003152-600x-q80.webp]
[www.troa.fr/media/site/872ed2d17d-1735900586/impulsion_frame1400003145-600x-q80.webp]
[www.troa.fr/media/site/53eb115c40-1735900632/impulsion_frame1400003155-600x-q80.webp]
[www.troa.fr/media/site/fdfa703c46-1735900707/impulsion_frame1400003147-600x-q80.webp]
[www.troa.fr/media/site/7509a44199-1735900646/impulsion_frame1400003156-600x-q80.webp]
[www.troa.fr/realisations/impulsion-by-sport2000.html]
[www.troa.fr/media/site/2a546d4f02-1729006555/impulsion-cover-600x-q90.webp 600w, https_/www.troa.fr/media/site/2a546d4f02-1729006555/impulsion-cover-1024x-q80.webp 1024w, https_/ww/impulsion-cover-2250x-q]
[www.troa.fr/media/site/2695c50eed-1729000642/st-bout-cover-600x-q90.webp 600w, https_/www.troa.fr/media/site/2695c50eed-1729000642/st-bout-cover-1024x-q80.webp 1024w, https_/www.tr/st-bout-cover-2250x-q90]
[www.troa.fr/media/site/e62e1a8ab3-1729006092/studio_16-600x-q90.webp 600w, https_/www.troa.fr/media/site/e62e1a8ab3-1729006092/studio_16-1024x-q80.webp 1024w, https_/www.troa.fr/me/studio_16-2250x-q90.6b]
[www.troa.fr/media/site/09057b0a19-1734690212/baillardran-troa-600x-q90.webp 600w, https_/www.troa.fr/media/site/09057b0a19-1734690212/baillardran-troa-1024x-q80.webp 1024w, https_//baillardran-troa-2250x-]
[www.troa.fr/media/site/1a7cace6a9-1736241027/vjtype-600x-q90.webp 600w, https_/www.troa.fr/media/site/1a7cace6a9-1736241027/vjtype-1024x-q80.webp 1024w, https_/www.troa.fr/media/si/vjtype-2250x-q90.6f.del]
[www.troa.fr/media/site/4d9878c210-1734690453/grotte-demoiselles-troa-600x-q90.webp 600w, htt/www.troa.fr/media/site/4d9878c210-1734690453/grotte-demoiselles-troa-1024x-q80.webp 102/grotte-demoiselles-troa]
[www.troa.fr/media/site/8d72cde13f-1734019813/expertises-troa-1-600x-q90.webp 600w, https_/www.troa.fr/media/site/8d72cde13f-1734019813/expertises-troa-1-1024x-q80.webp 1024w, https/expertises-troa-1-2250x]
[www.troa.fr/media/site/740a5b3b3c-1734020185/expertises-troa-3-600x-q90.webp 600w, https_/www.troa.fr/media/site/740a5b3b3c-1734020185/expertises-troa-3-1024x-q80.webp 1024w, https/expertises-troa-3-2250x]
[www.troa.fr/media/site/21b2f51e66-1727358258/troa_expertises_bs_519a1539-600x-q90.webp 600w,/www.troa.fr/media/site/21b2f51e66-1727358258/troa_expertises_bs_519a1539-1024x-q80.webp/troa_expertises_bs_519a]
[www.troa.fr/media/site/8341ec795f-1734019837/creation-troa-600x-q90.webp 600w, https_/www.troa.fr/media/site/8341ec795f-1734019837/creation-troa-1024x-q80.webp 1024w, https_/www.tr/creation-troa-2250x-q90]
[www.troa.fr/media/site/3bb1254672-1734019848/production-troa-600x-q90.webp 600w, https_/www.troa.fr/media/site/3bb1254672-1734019848/production-troa-1024x-q80.webp 1024w, https_/ww/production-troa-2250x-q]
[www.troa.fr/media/site/6c69068b7e-1734019861/conseil-troa-2-600x-q90.webp 600w, https_/www.troa.fr/media/site/6c69068b7e-1734019861/conseil-troa-2-1024x-q80.webp 1024w, https_/www/conseil-troa-2-2250x-q9]
[www.troa.fr/media/site/84614ddb7a-1727358073/troa_da_cover-expertise-600x-q90.webp 600w, htt/www.troa.fr/media/site/84614ddb7a-1727358073/troa_da_cover-expertise-1024x-q80.webp 102/troa_da_cover-expertise]
[www.troa.fr/media/site/d4476fb96d-1727358315/troa_site_cover-expertise-600x-q90.webp 600w, h/www.troa.fr/media/site/d4476fb96d-1727358315/troa_site_cover-expertise-1024x-q80.webp 1/troa_site_cover-experti]
[www.troa.fr/media/site/a57ef3ff9b-1727358297/troa_eshop_cover-expertise-600x-q90.webp 600w,/www.troa.fr/media/site/a57ef3ff9b-1727358297/troa_eshop_cover-expertise-1024x-q80.webp/troa_eshop_cover-expert]
[www.troa.fr/media/site/8d6bf05bb4-1727358279/troa_crm_cover-expertise-600x-q90.webp 600w, ht/www.troa.fr/media/site/8d6bf05bb4-1727358279/troa_crm_cover-expertise-1024x-q80.webp 10/troa_crm_cover-expertis]
[www.troa.fr/media/site/44f97ea32d-1734537784/seo-webmarketing-600x-q90.webp 600w, https_/www.troa.fr/media/site/44f97ea32d-1734537784/seo-webmarketing-1024x-q80.webp 1024w, https_//seo-webmarketing-2250x-]
[www.troa.fr/media/site/d24d4b29ab-1727358102/troa_heb_cover-expertise-600x-q90.webp 600w, ht/www.troa.fr/media/site/d24d4b29ab-1727358102/troa_heb_cover-expertise-1024x-q80.webp 10/troa_heb_cover-expertis]
[www.troa.fr/media/site/3cb339d272-1727358719/troa_agence_bs_519a1772-600x-q90.webp 600w, htt/www.troa.fr/media/site/3cb339d272-1727358719/troa_agence_bs_519a1772-1024x-q80.webp 102/troa_agence_bs_519a1772]
[www.troa.fr/media/site/9ee44359cd-1727359142/troa_agence_bs_519a1484-600x-q90.webp 600w, htt/www.troa.fr/media/site/9ee44359cd-1727359142/troa_agence_bs_519a1484-1024x-q80.webp 102/troa_agence_bs_519a1484]
[www.troa.fr/media/site/2503844675-1727275782/troa_home_bs_519a1601-600x-q90.webp 600w, https/www.troa.fr/media/site/2503844675-1727275782/troa_home_bs_519a1601-1024x-q80.webp 1024w/troa_home_bs_519a1601-2]
[www.troa.fr/media/site/4278660a61-1734023982/troa-agence-4-600x-q90.webp 600w, https_/www.troa.fr/media/site/4278660a61-1734023982/troa-agence-4-1024x-q80.webp 1024w, https_/www.tr/troa-agence-4-2250x-q90]
[www.troa.fr/media/site/d12b5021b8-1727360476/troa_team_antoine-600x-q90.webp 600w, https_/www.troa.fr/media/site/d12b5021b8-1727360476/troa_team_antoine-1024x-q80.webp 1024w, https/troa_team_antoine-2250x]
[www.troa.fr/media/site/1f68fb9021-1727360445/troa_team_brice-600x-q90.webp 600w, https_/www.troa.fr/media/site/1f68fb9021-1727360445/troa_team_brice-1024x-q80.webp 1024w, https_/ww/troa_team_brice-2250x-q]
[www.troa.fr/media/site/c1ba5c867b-1727768182/troa_team_clara-600x-q90.webp 600w, https_/www.troa.fr/media/site/c1ba5c867b-1727768182/troa_team_clara-1024x-q80.webp 1024w, https_/ww/troa_team_clara-2250x-q]
[www.troa.fr/media/site/9be727299e-1727360455/troa_team_julien-600x-q90.webp 600w, https_/www.troa.fr/media/site/9be727299e-1727360455/troa_team_julien-1024x-q80.webp 1024w, https_//troa_team_julien-2250x-]
[www.troa.fr/media/site/7943cadafb-1727360506/troa_team_leo-600x-q90.webp 600w, https_/www.troa.fr/media/site/7943cadafb-1727360506/troa_team_leo-1024x-q80.webp 1024w, https_/www.tr/troa_team_leo-2250x-q90]
[www.troa.fr/media/site/32166a76fd-1727360464/troa_team_mathieu-600x-q90.webp 600w, https_/www.troa.fr/media/site/32166a76fd-1727360464/troa_team_mathieu-1024x-q80.webp 1024w, https/troa_team_mathieu-2250x]
[www.troa.fr/media/site/897dd7655c-1727360526/troa_team_romain-600x-q90.webp 600w, https_/www.troa.fr/media/site/897dd7655c-1727360526/troa_team_romain-1024x-q80.webp 1024w, https_//troa_team_romain-2250x-]
[www.troa.fr/media/site/ddcccc0082-1734819613/tfc-600x-q90.webp 600w, https_/www.troa.fr/media/site/ddcccc0082-1734819613/tfc-1024x-q80.webp 1024w, https_/www.troa.fr/media/site/ddc/tfc-2250x-q90.a7.delaye]
[www.troa.fr/media/site/570ca03b1c-1734620534/heroines-600x-q90.webp 600w, https_/www.troa.fr/media/site/570ca03b1c-1734620534/heroines-1024x-q80.webp 1024w, https_/www.troa.fr/medi/heroines-2250x-q90.a9.d]
[www.troa.fr/media/site/970427b341-1744703672/amel-roudjia-600x-q90.webp 600w, https_/www.troa.fr/media/site/970427b341-1744703672/amel-roudjia-1024x-q80.webp 1024w, https_/www.troa/amel-roudjia-2250x-q90]
[www.troa.fr/media/site/ed0be9e662-1744703681/cmobilier-600x-q90.webp 600w, https_/www.troa.fr/media/site/ed0be9e662-1744703681/cmobilier-1024x-q80.webp 1024w, https_/www.troa.fr/me/cmobilier-2250x-q90.ad]
[www.troa.fr/media/site/113be49217-1734620568/laguinguettedesamoureux-600x-q90.webp 600w, htt/www.troa.fr/media/site/113be49217-1734620568/laguinguettedesamoureux-1024x-q80.webp 102/laguinguettedesamoureux]
[www.troa.fr/media/site/42ba0a9381-1734620361/azzaro-600x-q90.webp 600w, https_/www.troa.fr/media/site/42ba0a9381-1734620361/azzaro-1024x-q80.webp 1024w, https_/www.troa.fr/media/si/azzaro-2250x-q90.b1.del]
[www.troa.fr/media/site/79bfce443e-1744703707/orpi-600x-q90.webp 600w, https_/www.troa.fr/media/site/79bfce443e-1744703707/orpi-1024x-q80.webp 1024w, https_/www.troa.fr/media/site/7/orpi-2250x-q90.b3.delay]
[www.troa.fr/media/site/108c1e05c7-1744704260/stade-toulousain-600x-q90.webp 600w, https_/www.troa.fr/media/site/108c1e05c7-1744704260/stade-toulousain-1024x-q80.webp 1024w, https_//stade-toulousain-2250x-]
[www.troa.fr/media/site/75a1ffd3a4-1736767108/etap-igexao-600x-q90.webp 600w, https_/www.troa.fr/media/site/75a1ffd3a4-1736767108/etap-igexao-1024x-q80.webp 1024w, https_/www.troa.f/etap-igexao-2250x-q90.b]
[www.troa.fr/media/site/799e8f7beb-1734620553/icem-600x-q90.webp 600w, https_/www.troa.fr/media/site/799e8f7beb-1734620553/icem-1024x-q80.webp 1024w, https_/www.troa.fr/media/site/7/icem-2250x-q90.b9.delay]
[www.troa.fr/media/site/9e3f84ad42-1736767039/patrowl-600x-q90.webp 600w, https_/www.troa.fr/media/site/9e3f84ad42-1736767039/patrowl-1024x-q80.webp 1024w, https_/www.troa.fr/media//patrowl-2250x-q90.bb.de]
[www.troa.fr/media/site/40025caf50-1736767052/titan-600x-q90.webp 600w, https_/www.troa.fr/media/site/40025caf50-1736767052/titan-1024x-q80.webp 1024w, https_/www.troa.fr/media/site/titan-2250x-q90.bd.dela]
[www.troa.fr/media/site/60dc41e756-1736767176/profil-600x-q90.webp 600w, https_/www.troa.fr/media/site/60dc41e756-1736767176/profil-1024x-q80.webp 1024w, https_/www.troa.fr/media/si/profil-2250x-q90.bf.del]
[www.troa.fr/media/site/ae8a529f8a-1736767132/edmond-rotschild-600x-q90.webp 600w, https_/www.troa.fr/media/site/ae8a529f8a-1736767132/edmond-rotschild-1024x-q80.webp 1024w, https_//edmond-rotschild-2250x-]
[www.troa.fr/media/site/618425e231-1734620885/vestiaire-collective-600x-q90.webp 600w, https_/www.troa.fr/media/site/618425e231-1734620885/vestiaire-collective-1024x-q80.webp 1024w,/vestiaire-collective-22]
[www.troa.fr/media/site/c21ab3431c-1734620731/rauzan-segla-600x-q90.webp 600w, https_/www.troa.fr/media/site/c21ab3431c-1734620731/rauzan-segla-1024x-q80.webp 1024w, https_/www.troa/rauzan-segla-2250x-q90]
[www.troa.fr/media/site/e37d92e72e-1736767208/ecv-600x-q90.webp 600w, https_/www.troa.fr/media/site/e37d92e72e-1736767208/ecv-1024x-q80.webp 1024w, https_/www.troa.fr/media/site/e37/ecv-2250x-q90.c7.delaye]
[www.troa.fr/media/site/82d5a9fe92-1736767095/genvia-600x-q90.webp 600w, https_/www.troa.fr/media/site/82d5a9fe92-1736767095/genvia-1024x-q80.webp 1024w, https_/www.troa.fr/media/si/genvia-2250x-q90.c9.del]
[www.troa.fr/media/site/8488e7759a-1745834188/binabaite-600x-q90.webp 600w, https_/www.troa.fr/media/site/8488e7759a-1745834188/binabaite-1024x-q80.webp 1024w, https_/www.troa.fr/me/binabaite-2250x-q90.cb]
[www.troa.fr/media/site/deeb3fd1e3-1734620574/lepetitberet-600x-q90.webp 600w, https_/www.troa.fr/media/site/deeb3fd1e3-1734620574/lepetitberet-1024x-q80.webp 1024w, https_/www.troa/lepetitberet-2250x-q90]
[www.troa.fr/media/site/ccc065174e-1736767166/edacs-600x-q90.webp 600w, https_/www.troa.fr/media/site/ccc065174e-1736767166/edacs-1024x-q80.webp 1024w, https_/www.troa.fr/media/site/edacs-2250x-q90.cf.dela]
[www.troa.fr/media/site/460e13a5a6-1727437080/envol-600x-q90.webp 600w, https_/www.troa.fr/media/site/460e13a5a6-1727437080/envol-1024x-q80.webp 1024w, https_/www.troa.fr/media/site/envol-2250x-q90.d1.dela]
[www.troa.fr/media/site/bea49ef2f4-1736767218/eartsup-600x-q90.webp 600w, https_/www.troa.fr/media/site/bea49ef2f4-1736767218/eartsup-1024x-q80.webp 1024w, https_/www.troa.fr/media//eartsup-2250x-q90.d3.de]
[www.troa.fr/media/site/b503e45d58-1734620660/mts-600x-q90.webp 600w, https_/www.troa.fr/media/site/b503e45d58-1734620660/mts-1024x-q80.webp 1024w, https_/www.troa.fr/media/site/b50/mts-2250x-q90.d5.delaye]
[www.troa.fr/media/site/4fb7f71965-1736767062/resital-600x-q90.webp 600w, https_/www.troa.fr/media/site/4fb7f71965-1736767062/resital-1024x-q80.webp 1024w, https_/www.troa.fr/media//resital-2250x-q90.d7.de]
[www.troa.fr/media/site/c76e6639ff-1734620745/saaj-600x-q90.webp 600w, https_/www.troa.fr/media/site/c76e6639ff-1734620745/saaj-1024x-q80.webp 1024w, https_/www.troa.fr/media/site/c/saaj-2250x-q90.d9.delay]
[www.troa.fr/media/site/dc4b1aae57-1736767198/glce-600x-q90.webp 600w, https_/www.troa.fr/media/site/dc4b1aae57-1736767198/glce-1024x-q80.webp 1024w, https_/www.troa.fr/media/site/d/glce-2250x-q90.db.delay]
[www.troa.fr/media/site/da6b3c1042-1744703726/volum-600x-q90.webp 600w, https_/www.troa.fr/media/site/da6b3c1042-1744703726/volum-1024x-q80.webp 1024w, https_/www.troa.fr/media/site/volum-2250x-q90.dd.dela]
[www.troa.fr/media/site/405cc9b964-1734620795/sakata-600x-q90.webp 600w, https_/www.troa.fr/media/site/405cc9b964-1734620795/sakata-1024x-q80.webp 1024w, https_/www.troa.fr/media/si/sakata-2250x-q90.df.del]
[www.troa.fr/media/site/52b09c5eef-1734620561/kulte-600x-q90.webp 600w, https_/www.troa.fr/media/site/52b09c5eef-1734620561/kulte-1024x-q80.webp 1024w, https_/www.troa.fr/media/site/kulte-2250x-q90.e1.dela]
[www.troa.fr/media/site/50b07c326e-1734620580/lift-type-600x-q90.webp 600w, https_/www.troa.fr/media/site/50b07c326e-1734620580/lift-type-1024x-q80.webp 1024w, https_/www.troa.fr/me/lift-type-2250x-q90.e3]
[www.troa.fr/media/site/32cbd6cc62-1734620699/paco-rabanne-600x-q90.webp 600w, https_/www.troa.fr/media/site/32cbd6cc62-1734620699/paco-rabanne-1024x-q80.webp 1024w, https_/www.troa/paco-rabanne-2250x-q90]
[www.troa.fr/media/site/db49749746-1734620687/orthosud-600x-q90.webp 600w, https_/www.troa.fr/media/site/db49749746-1734620687/orthosud-1024x-q80.webp 1024w, https_/www.troa.fr/medi/orthosud-2250x-q90.e7.d]
[www.troa.fr/media/site/01205b7f13-1734620386/chanel-600x-q90.webp 600w, https_/www.troa.fr/media/site/01205b7f13-1734620386/chanel-1024x-q80.webp 1024w, https_/www.troa.fr/media/si/chanel-2250x-q90.e9.del]
[www.troa.fr/media/site/ff30b71738-1734620855/tourresanchis-600x-q90.webp 600w, https_/www.troa.fr/media/site/ff30b71738-1734620855/tourresanchis-1024x-q80.webp 1024w, https_/www.tr/tourresanchis-2250x-q90]
[www.troa.fr/media/site/70190f46c6-1727437436/alliance-audition-600x-q90.webp 600w, https_/www.troa.fr/media/site/70190f46c6-1727437436/alliance-audition-1024x-q80.webp 1024w, https/alliance-audition-2250x]
[www.troa.fr/media/site/1782844b74-1734620708/phamily-600x-q90.webp 600w, https_/www.troa.fr/media/site/1782844b74-1734620708/phamily-1024x-q80.webp 1024w, https_/www.troa.fr/media//phamily-2250x-q90.ef.de]
[www.troa.fr/media/site/6219700d80-1734620597/mca-600x-q90.webp 600w, https_/www.troa.fr/media/site/6219700d80-1734620597/mca-1024x-q80.webp 1024w, https_/www.troa.fr/media/site/621/mca-2250x-q90.f1.delaye]
[www.troa.fr/media/site/1b8da16313-1734620781/sos-main-600x-q90.webp 600w, https_/www.troa.fr/media/site/1b8da16313-1734620781/sos-main-1024x-q80.webp 1024w, https_/www.troa.fr/medi/sos-main-2250x-q90.f3.d]
[www.troa.fr/media/site/fd9431c3e2-1736767115/ingeniance-600x-q90.webp 600w, https_/www.troa.fr/media/site/fd9431c3e2-1736767115/ingeniance-1024x-q80.webp 1024w, https_/www.troa.fr//ingeniance-2250x-q90.f5]
[www.troa.fr/media/site/6fb5a95f18-1744703690/exsud-600x-q90.webp 600w, https_/www.troa.fr/media/site/6fb5a95f18-1744703690/exsud-1024x-q80.webp 1024w, https_/www.troa.fr/media/site/exsud-2250x-q90.f7.dela]
[www.troa.fr/media/site/9ce878d83c-1734620815/sodexo-600x-q90.webp 600w, https_/www.troa.fr/media/site/9ce878d83c-1734620815/sodexo-1024x-q80.webp 1024w, https_/www.troa.fr/media/si/sodexo-2250x-q90.f9.del]
[www.troa.fr/media/site/807789ba70-1734620788/spag-600x-q90.webp 600w, https_/www.troa.fr/media/site/807789ba70-1734620788/spag-1024x-q80.webp 1024w, https_/www.troa.fr/media/site/8/spag-2250x-q90.fb.delay]
[www.troa.fr/media/site/ac3c14bba0-1734620589/marin-montagut-600x-q90.webp 600w, https_/www.troa.fr/media/site/ac3c14bba0-1734620589/marin-montagut-1024x-q80.webp 1024w, https_/www/marin-montagut-2250x-q9]
[www.troa.fr/media/site/68f9afb579-1734620628/mfk-600x-q90.webp 600w, https_/www.troa.fr/media/site/68f9afb579-1734620628/mfk-1024x-q80.webp 1024w, https_/www.troa.fr/media/site/68f/mfk-2250x-q90.ff.delaye]
[www.troa.fr/media/site/b0a9785113-1744703719/slowgalerie-600x-q90.webp 600w, https_/www.troa.fr/media/site/b0a9785113-1744703719/slowgalerie-1024x-q80.webp 1024w, https_/www.troa.f/slowgalerie-2250x-q90.1]
[www.troa.fr/media/site/f211dc7d16-1734620457/grungemama-600x-q90.webp 600w, https_/www.troa.fr/media/site/f211dc7d16-1734620457/grungemama-1024x-q80.webp 1024w, https_/www.troa.fr//grungemama-2250x-q90.10]
[www.troa.fr/media/site/21f25e8148-1734620637/miti-navi-600x-q90.webp 600w, https_/www.troa.fr/media/site/21f25e8148-1734620637/miti-navi-1024x-q80.webp 1024w, https_/www.troa.fr/me/miti-navi-2250x-q90.105]
[www.troa.fr/media/site/851b4f2487-1734620324/addictopole-600x-q90.webp 600w, https_/www.troa.fr/media/site/851b4f2487-1734620324/addictopole-1024x-q80.webp 1024w, https_/www.troa.f/addictopole-2250x-q90.1]
[www.troa.fr/media/site/5e76e031e5-1736767244/msh-sud-600x-q90.webp 600w, https_/www.troa.fr/media/site/5e76e031e5-1736767244/msh-sud-1024x-q80.webp 1024w, https_/www.troa.fr/media//msh-sud-2250x-q90.109.d]
[www.troa.fr/media/site/db44b7271d-1734620766/snmkr-600x-q90.webp 600w, https_/www.troa.fr/media/site/db44b7271d-1734620766/snmkr-1024x-q80.webp 1024w, https_/www.troa.fr/media/site/snmkr-2250x-q90.10b.del]
[www.troa.fr/media/site/8f5793c253-1745834039/hectare-600x-q90.webp 600w, https_/www.troa.fr/media/site/8f5793c253-1745834039/hectare-1024x-q80.webp 1024w, https_/www.troa.fr/media//hectare-2250x-q90.10d.d]
[www.troa.fr/media/site/44e93b6530-1744703698/grandlitier-600x-q90.webp 600w, https_/www.troa.fr/media/site/44e93b6530-1744703698/grandlitier-1024x-q80.webp 1024w, https_/www.troa.f/grandlitier-2250x-q90.1]
[www.troa.fr/media/site/63cd9b92a1-1736767288/opus-600x-q90.webp 600w, https_/www.troa.fr/media/site/63cd9b92a1-1736767288/opus-1024x-q80.webp 1024w, https_/www.troa.fr/media/site/6/opus-2250x-q90.111.dela]
[www.troa.fr/media/site/db94c56acd-1734620339/antefixe-600x-q90.webp 600w, https_/www.troa.fr/media/site/db94c56acd-1734620339/antefixe-1024x-q80.webp 1024w, https_/www.troa.fr/medi/antefixe-2250x-q90.113]
[www.troa.fr/media/site/ce4d867024-1734620416/concept-care-600x-q90.webp 600w, https_/www.troa.fr/media/site/ce4d867024-1734620416/concept-care-1024x-q80.webp 1024w, https_/www.troa/concept-care-2250x-q90]
[www.troa.fr/media/site/490276c67b-1734620353/axa-600x-q90.webp 600w, https_/www.troa.fr/media/site/490276c67b-1734620353/axa-1024x-q80.webp 1024w, https_/www.troa.fr/media/site/490/axa-2250x-q90.117.delay]
[www.troa.fr/media/site/a1e0562681-1734620618/mesdemoiselles-600x-q90.webp 600w, https_/www.troa.fr/media/site/a1e0562681-1734620618/mesdemoiselles-1024x-q80.webp 1024w, https_/www/mesdemoiselles-2250x-q9]
[www.troa.fr/media/site/894a6795c1-1734620871/valege-600x-q90.webp 600w, https_/www.troa.fr/media/site/894a6795c1-1734620871/valege-1024x-q80.webp 1024w, https_/www.troa.fr/media/si/valege-2250x-q90.11b.de]
[www.troa.fr/media/site/c21e01ceb2-1734620891/vj-type-600x-q90.webp 600w, https_/www.troa.fr/media/site/c21e01ceb2-1734620891/vj-type-1024x-q80.webp 1024w, https_/www.troa.fr/media//vj-type-2250x-q90.11d.d]
[www.troa.fr/media/site/ea3a661022-1734620347/artene-600x-q90.webp 600w, https_/www.troa.fr/media/site/ea3a661022-1734620347/artene-1024x-q80.webp 1024w, https_/www.troa.fr/media/si/artene-2250x-q90.11f.de]
[www.troa.fr/media/site/80b5251bf0-1734620400/chu-mtp-600x-q90.webp 600w, https_/www.troa.fr/media/site/80b5251bf0-1734620400/chu-mtp-1024x-q80.webp 1024w, https_/www.troa.fr/media//chu-mtp-2250x-q90.121.d]
[www.troa.fr/media/site/2a4cca2802-1734620863/uro-st-jean-600x-q90.webp 600w, https_/www.troa.fr/media/site/2a4cca2802-1734620863/uro-st-jean-1024x-q80.webp 1024w, https_/www.troa.f/uro-st-jean-2250x-q90.1]
[www.troa.fr/media/site/1cdb221fde-1734620475/gillesetboissier-600x-q90.webp 600w, https_/www.troa.fr/media/site/1cdb221fde-1734620475/gillesetboissier-1024x-q80.webp 1024w, https_//gillesetboissier-2250x-]
[www.troa.fr/media/site/3ae0ffc431-1734620432/fondation-chanel-600x-q90.webp 600w, https_/www.troa.fr/media/site/3ae0ffc431-1734620432/fondation-chanel-1024x-q80.webp 1024w, https_//fondation-chanel-2250x-]
[www.troa.fr/media/site/e50c8e3d50-1734620803/shirvan-600x-q90.webp 600w, https_/www.troa.fr/media/site/e50c8e3d50-1734620803/shirvan-1024x-q80.webp 1024w, https_/www.troa.fr/media//shirvan-2250x-q90.129.d]
[www.troa.fr/media/site/f11225fd05-1727436922/lipton-600x-q90.webp 600w, https_/www.troa.fr/media/site/f11225fd05-1727436922/lipton-1024x-q80.webp 1024w, https_/www.troa.fr/media/si/lipton-2250x-q90.12b.de]
[www.troa.fr/media/site/e97f6b8703-1734620547/just-campagne-600x-q90.webp 600w, https_/www.troa.fr/media/site/e97f6b8703-1734620547/just-campagne-1024x-q80.webp 1024w, https_/www.tr/just-campagne-2250x-q90]
[www.troa.fr/media/site/eebc7909e8-1734620716/pst-600x-q90.webp 600w, https_/www.troa.fr/media/site/eebc7909e8-1734620716/pst-1024x-q80.webp 1024w, https_/www.troa.fr/media/site/eeb/pst-2250x-q90.12f.delay]
[www.troa.fr/media/site/995c35522f-1736767084/noemie-600x-q90.webp 600w, https_/www.troa.fr/media/site/995c35522f-1736767084/noemie-1024x-q80.webp 1024w, https_/www.troa.fr/media/si/noemie-2250x-q90.131.de]
[www.troa.fr/media/site/76fc1f315d-1734620392/chd-art-maker-600x-q90.webp 600w, https_/www.troa.fr/media/site/76fc1f315d-1734620392/chd-art-maker-1024x-q80.webp 1024w, https_/www.tr/chd-art-maker-2250x-q90]
[www.troa.fr/media/site/40d6d0ddad-1734620898/zakuw-600x-q90.webp 600w, https_/www.troa.fr/media/site/40d6d0ddad-1734620898/zakuw-1024x-q80.webp 1024w, https_/www.troa.fr/media/site/zakuw-2250x-q90.135.del]
[www.troa.fr/media/site/2b6e19818e-1734620366/baillardran-600x-q90.webp 600w, https_/www.troa.fr/media/site/2b6e19818e-1734620366/baillardran-1024x-q80.webp 1024w, https_/www.troa.f/baillardran-2250x-q90.1]
[www.troa.fr/media/site/4f7b00533b-1736767155/reysearch-600x-q90.webp 600w, https_/www.troa.fr/media/site/4f7b00533b-1736767155/reysearch-1024x-q80.webp 1024w, https_/www.troa.fr/me/reysearch-2250x-q90.139]
[www.troa.fr/media/site/a0521012e4-1736767073/keloha-600x-q90.webp 600w, https_/www.troa.fr/media/site/a0521012e4-1736767073/keloha-1024x-q80.webp 1024w, https_/www.troa.fr/media/si/keloha-2250x-q90.13b.de]
[www.troa.fr/media/site/b13b2ade92-1734620879/vdevinster-600x-q90.webp 600w, https_/www.troa.fr/media/site/b13b2ade92-1734620879/vdevinster-1024x-q80.webp 1024w, https_/www.troa.fr//vdevinster-2250x-q90.13]
[www.troa.fr/media/site/fae6b17231-1736767232/dprt-600x-q90.webp 600w, https_/www.troa.fr/media/site/fae6b17231-1736767232/dprt-1024x-q80.webp 1024w, https_/www.troa.fr/media/site/f/dprt-2250x-q90.13f.dela]
[www.troa.fr/media/site/d12fd3a2af-1736767189/vendom-600x-q90.webp 600w, https_/www.troa.fr/media/site/d12fd3a2af-1736767189/vendom-1024x-q80.webp 1024w, https_/www.troa.fr/media/si/vendom-2250x-q90.141.de]
[www.troa.fr/media/site/c8805bb72c-1734620374/canon-600x-q90.webp 600w, https_/www.troa.fr/media/site/c8805bb72c-1734620374/canon-1024x-q80.webp 1024w, https_/www.troa.fr/media/site/canon-2250x-q90.143.del]
[www.troa.fr/media/site/0f7a667d68-1736767273/aeko-600x-q90.webp 600w, https_/www.troa.fr/media/site/0f7a667d68-1736767273/aeko-1024x-q80.webp 1024w, https_/www.troa.fr/media/site/0/aeko-2250x-q90.145.dela]
[www.troa.fr/media/site/8607746c69-1734620739/rendezvous-store-600x-q90.webp 600w, https_/www.troa.fr/media/site/8607746c69-1734620739/rendezvous-store-1024x-q80.webp 1024w, https_//rendezvous-store-2250x-]
[www.troa.fr/media/site/31c169ff49-1736767145/quadran-600x-q90.webp 600w, https_/www.troa.fr/media/site/31c169ff49-1736767145/quadran-1024x-q80.webp 1024w, https_/www.troa.fr/media//quadran-2250x-q90.149.d]
[www.troa.fr/media/site/7d7d0ada1d-1734620510/helft-pinta-600x-q90.webp 600w, https_/www.troa.fr/media/site/7d7d0ada1d-1734620510/helft-pinta-1024x-q80.webp 1024w, https_/www.troa.f/helft-pinta-2250x-q90.1]
[www.troa.fr/media/site/8126020ecb-1734620496/guysanchez-600x-q90.webp 600w, https_/www.troa.fr/media/site/8126020ecb-1734620496/guysanchez-1024x-q80.webp 1024w, https_/www.troa.fr//guysanchez-2250x-q90.14]
[www.troa.fr/media/site/ef75ea7e19-1734620380/carole-chiotasso-600x-q90.webp 600w, https_/www.troa.fr/media/site/ef75ea7e19-1734620380/carole-chiotasso-1024x-q80.webp 1024w, https_//carole-chiotasso-2250x-]
[www.troa.fr/media/site/3c4a6db404-1734620407/chu-nimes-600x-q90.webp 600w, https_/www.troa.fr/media/site/3c4a6db404-1734620407/chu-nimes-1024x-q80.webp 1024w, https_/www.troa.fr/me/chu-nimes-2250x-q90.151]
[www.troa.fr/media/site/23aeb12f21-1736767297/styles-600x-q90.webp 600w, https_/www.troa.fr/media/site/23aeb12f21-1736767297/styles-1024x-q80.webp 1024w, https_/www.troa.fr/media/si/styles-2250x-q90.153.de]
[www.troa.fr/media/site/e9f18a0b19-1734620676/ortho7-600x-q90.webp 600w, https_/www.troa.fr/media/site/e9f18a0b19-1734620676/ortho7-1024x-q80.webp 1024w, https_/www.troa.fr/media/si/ortho7-2250x-q90.155.de]
[www.troa.fr/media/site/121ea199be-1745834266/mat-et-seb-600x-q90.webp 600w, https_/www.troa.fr/media/site/121ea199be-1745834266/mat-et-seb-1024x-q80.webp 1024w, https_/www.troa.fr//mat-et-seb-2250x-q90.15]
[www.troa.fr/media/site/e043944970-1734620847/stella-suzie-600x-q90.webp 600w, https_/www.troa.fr/media/site/e043944970-1734620847/stella-suzie-1024x-q80.webp 1024w, https_/www.troa/stella-suzie-2250x-q90]
[www.troa.fr/media/site/85c175aedc-1735900665/impulsion_frame1400003151-600x-q80.webp]
[www.troa.fr/media/site/1131bdf14e-1765367018/atomic-design-contenu-hero-600x-q80.webp]
[www.troa.fr/media/site/8d0476742a-1765375972/atomic_design_organism_structure-600x-q80.webp]
[www.troa.fr/actualites/atomic-design-de-la-theorie-au-code.html]
[www.troa.fr/media/site/818586375c-1771595922/atomic-design-theorie-code-cover-600x-q90.webp/www.troa.fr/media/site/818586375c-1771595922/atomic-design-theorie-code-cover-1024x-q80/atomic-design-theorie-c]
[www.troa.fr/media/site/e88395f5f0-1765375958/atomic_design_molecule_structure-600x-q80.webp]
[www.troa.fr/media/site/ae1cf51d4b-1765366657/atomic-design-cover-600x-q80.webp]
[www.troa.fr/media/site/9397c75a29-1768296076/hierarchie-atomic-design-600x-q80.webp]
[www.troa.fr/media/site/bb07660038-1765377533/atomic_design_atom_image-600x-q80.webp]
[www.troa.fr/actualites/l-approche-atomic-design.html]
[www.troa.fr/media/site/d81d2b6baa-1765366335/atomic_design_thumbnail-600x-q90.webp 600w, htt/www.troa.fr/media/site/d81d2b6baa-1765366335/atomic_design_thumbnail-1024x-q80.webp 102/atomic_design_thumbnail]
[www.troa.fr/media/site/0d00c60b31-1765377542/atomic_design_atom_button-600x-q80.webp]
[www.troa.fr/actualites/labellisation-greenr.html]
[www.troa.fr/media/site/cd6284ba30-1761829907/greenr-cover3-600x-q90.webp 600w, https_/www.troa.fr/media/site/cd6284ba30-1761829907/greenr-cover3-1024x-q80.webp 1024w, https_/www.tr/greenr-cover3-2250x-q90]
[www.troa.fr/media/site/91e21e6ae5-1761829983/greenr-troa-3-600x-q80.webp]
[www.troa.fr/actualites/ia-et-creation-de-contenu.html]
[www.troa.fr/media/site/d4423845f6-1757662924/ia-contenu-cover-600x-q90.webp 600w, https_/www.troa.fr/media/site/d4423845f6-1757662924/ia-contenu-cover-1024x-q80.webp 1024w, https_//ia-contenu-cover-2250x-]
[www.troa.fr/media/site/7a7525ec3c-1756388303/ia-et-creation-contenu-hero-600x-q80.webp]
[www.troa.fr/media/site/d3bf725449-1755850456/kirby4-demo-600x-q80.webp]
[www.troa.fr/media/site/d3bf725449-1755850456/kirby4-demo.png]
[www.troa.fr/actualites/les-avantages-de-notre-back-office-kirby-cms.html]
[www.troa.fr/media/site/dcbd6b175b-1742896692/kirby-cms-cover-600x-q90.webp 600w, https_/www.troa.fr/media/site/dcbd6b175b-1742896692/kirby-cms-cover-1024x-q80.webp 1024w, https_/ww/kirby-cms-cover-2250x-q]
[www.troa.fr/media/site/6b7629330f-1755850366/demo-kirby.mp4]
[www.troa.fr/media/site/7f3bb31b4e-1746518312/vanilla-js-troa-small2-600x-q80.webp]
[www.troa.fr/actualites/pourquoi-utiliser-vanilla-js.html]
[www.troa.fr/media/site/f6925fe811-1746458989/vanilla-js-troa-600x-q80.webp]
[www.troa.fr/media/site/f24e607d10-1746458964/vanilla-js-cover-600x-q90.webp 600w, https_/www.troa.fr/media/site/f24e607d10-1746458964/vanilla-js-cover-1024x-q80.webp 1024w, https_//vanilla-js-cover-2250x-]
[www.troa.fr/media/site/b1bc51d61a-1744637836/troa_featured-600x-q80.webp]
[www.troa.fr/actualites/case-study-codrops.html]
[www.troa.fr/media/site/5fc6153ded-1744637718/codrops-article-thumbnail-600x-q90.webp 600w, h/www.troa.fr/media/site/5fc6153ded-1744637718/codrops-article-thumbnail-1024x-q80.webp 1/codrops-article-thumbna]
[www.troa.fr/media/site/9ff227d9dd-1744638083/cover-cdrp-3-1-600x-q80.webp]
[www.troa.fr/media/site/2fb11d731f-1742899785/kirby-cms-logo-600x-q80.webp]
[www.troa.fr/media/site/64e7da12e5-1742900150/kirby-cms-troa-2025-600x-q80.webp]
[www.troa.fr/actualites/kirby-cms-eco-conception-web.html]
[www.troa.fr/media/site/28c43299e4-1743063739/panel-600x-q90.webp 600w, https_/www.troa.fr/media/site/28c43299e4-1743063739/panel-1024x-q80.webp 1024w, https_/www.troa.fr/media/site/panel-2250x-q90.171.del]
[www.troa.fr/media/site/20145b735b-1742899984/kirby-changes.mp4]
[www.troa.fr/media/site/eca820421a-1742899977/kirby_cms_preview2.png]
[www.troa.fr/media/site/2a97045565-1740506368/micro-interactions1-600x-q80.webp]
[www.troa.fr/media/site/ce97876b6a-1740506374/micro-interactions2-600x-q80.webp]
[www.troa.fr/media/site/54e09cfcae-1740147635/vishnu_prasad.mp4]
[www.troa.fr/media/site/e6e93ad3ab-1740147854/aaron_iker.mp4]
[www.troa.fr/media/site/34e3cf24e5-1740152496/dmitry_lauretsky_for_ronas_it.mp4]
[www.troa.fr/media/site/10d058de43-1740148453/robbert_schefman_exo_ape.mp4]
[www.troa.fr/actualites/micro-interactions-comment-elles-ameliorent-l-experience-utilisateur.html]
[www.troa.fr/media/site/05ed584a88-1772202619/micro-interaction-troa-600x-q90.webp 600w, http/www.troa.fr/media/site/05ed584a88-1772202619/micro-interaction-troa-1024x-q80.webp 1024/micro-interaction-troa-]
[www.troa.fr/actualites/satisfaction-recommandation-maitriser-parcours-client.html]
[www.troa.fr/media/site/c825e92dfb-1737481716/parcours-client-achat-600x-q80.webp]
[www.troa.fr/actualites/rencontre-avec-clara-chef-de-projet-web.html]
[www.troa.fr/media/site/a1e41d5ed3-1728997404/clara-troa-cover-600x-q80.webp]
[www.troa.fr/actualites/decouvrez-mathieu-co-dirigeant-directeur-technique.html]
[www.troa.fr/media/site/aa0c3234dc-1728996372/mathieu-troa-cover-600x-q80.webp]
[www.troa.fr/actualites/initiation-au-webgl-principes-et-techniques-de-base.html]
[www.troa.fr/media/site/1a7c64c3bd-1728998692/webgl-cover-600x-q80.webp]
[www.troa.fr/actualites/interview-romain-lead-developpeur-front-end.html]
[www.troa.fr/media/site/00796054eb-1728994969/romain-troa-cover-600x-q80.webp]
[www.troa.fr/actualites/metriques-google-analytics.html]
[www.troa.fr/media/site/993a9f610b-1727355316/googleanalytics_troa_cover-600x-q80.webp]
[www.troa.fr/actualites/troa-rejoint-la-boucle-reseau-agences-creation-de-site-web.html]
[www.troa.fr/media/site/ff0c650be5-1746798037/laboucle-cover-600x-q80.webp]
[www.troa.fr/actualites/brice-associe-directeur-artistique.html]
[www.troa.fr/actualites/2.html]
[www.troa.fr/media/site/89a960455c-1729449449/troa_contact_519a1503-600x-q90.webp 600w, https/www.troa.fr/media/site/89a960455c-1729449449/troa_contact_519a1503-1024x-q80.webp 1024w/troa_contact_519a1503-2]
[www.troa.fr/media/site/b8dd295b10-1727430943/troa_contact_bs_519a1503-600x-q90.webp 600w, ht/www.troa.fr/media/site/b8dd295b10-1727430943/troa_contact_bs_519a1503-1024x-q80.webp 10/troa_contact_bs_519a150]
[www.troa.fr/media/site/ede7df0d13-1735815827/troa-contact-600x-q90.webp 600w, https_/www.troa.fr/media/site/ede7df0d13-1735815827/troa-contact-1024x-q80.webp 1024w, https_/www.troa/troa-contact-2250x-q90]
[www.troa.fr/media/site/4e40973f80-1766137966/awwwards-3-600x-q90.webp 600w, https_/www.troa.fr/media/site/4e40973f80-1766137966/awwwards-3-1024x-q80.webp 1024w, https_/www.troa.fr//awwwards-3-2250x-q90.17]
[www.troa.fr/media/site/64d0be76a9-1766138239/awwwards-4-600x-q90.webp 600w, https_/www.troa.fr/media/site/64d0be76a9-1766138239/awwwards-4-1024x-q80.webp 1024w, https_/www.troa.fr//awwwards-4-2250x-q90.18]
[www.troa.fr/media/site/1a8c2ec028-1761743271/ineo-sense-1-600x-q90.webp 600w, https_/www.troa.fr/media/site/1a8c2ec028-1761743271/ineo-sense-1-1024x-q80.webp 1024w, https_/www.troa/ineo-sense-1-2250x-q90]
[www.troa.fr/media/site/9b4d03c934-1761743291/ineo-sense-3-600x-q90.webp 600w, https_/www.troa.fr/media/site/9b4d03c934-1761743291/ineo-sense-3-1024x-q80.webp 1024w, https_/www.troa/ineo-sense-3-2250x-q90]
[www.troa.fr/media/site/8a66abde1d-1761743377/ineo-sense-2-600x-q90.webp 600w, https_/www.troa.fr/media/site/8a66abde1d-1761743377/ineo-sense-2-1024x-q80.webp 1024w, https_/www.troa/ineo-sense-2-2250x-q90]
[www.troa.fr/media/site/b6417230a3-1761743401/ineo-sense-5-600x-q90.webp 600w, https_/www.troa.fr/media/site/b6417230a3-1761743401/ineo-sense-5-1024x-q80.webp 1024w, https_/www.troa/ineo-sense-5-2250x-q90]
[www.troa.fr/media/site/776d81bfd8-1761743406/ineo-sense-4-600x-q90.webp 600w, https_/www.troa.fr/media/site/776d81bfd8-1761743406/ineo-sense-4-1024x-q80.webp 1024w, https_/www.troa/ineo-sense-4-2250x-q90]
[www.troa.fr/media/site/937520d14c-1718019747/tfc-troa-1-600x-q90.webp 600w, https_/www.troa.fr/media/site/937520d14c-1718019747/tfc-troa-1-1024x-q80.webp 1024w, https_/www.troa.fr//tfc-troa-1-2250x-q90.19]
[www.troa.fr/media/site/5770af1de0-1718019813/tfc-troa-2-600x-q90.webp 600w, https_/www.troa.fr/media/site/5770af1de0-1718019813/tfc-troa-2-1024x-q80.webp 1024w, https_/www.troa.fr//tfc-troa-2-2250x-q90.19]
[www.troa.fr/media/site/b23b80bb29-1717957761/tfc-troa-3-600x-q90.webp 600w, https_/www.troa.fr/media/site/b23b80bb29-1717957761/tfc-troa-3-1024x-q80.webp 1024w, https_/www.troa.fr//tfc-troa-3-2250x-q90.19]
[www.troa.fr/media/site/8b392651ea-1718019864/tfc-troa-4-600x-q90.webp 600w, https_/www.troa.fr/media/site/8b392651ea-1718019864/tfc-troa-4-1024x-q80.webp 1024w, https_/www.troa.fr//tfc-troa-4-2250x-q90.19]
[www.troa.fr/media/site/290621854e-1718019718/tfc-troa-5-600x-q90.webp 600w, https_/www.troa.fr/media/site/290621854e-1718019718/tfc-troa-5-1024x-q80.webp 1024w, https_/www.troa.fr//tfc-troa-5-2250x-q90.1a]
[www.troa.fr/media/site/86a4336231-1718019895/tfc-troa-6-600x-q90.webp 600w, https_/www.troa.fr/media/site/86a4336231-1718019895/tfc-troa-6-1024x-q80.webp 1024w, https_/www.troa.fr//tfc-troa-6-2250x-q90.1a]
[www.troa.fr/media/site/2ae2729088-1718019943/troa-tfc-7-600x-q90.webp 600w, https_/www.troa.fr/media/site/2ae2729088-1718019943/troa-tfc-7-1024x-q80.webp 1024w, https_/www.troa.fr//troa-tfc-7-2250x-q90.1a]
[www.troa.fr/media/site/1b3e7a98b9-1717958365/tfc-troa-8-600x-q90.webp 600w, https_/www.troa.fr/media/site/1b3e7a98b9-1717958365/tfc-troa-8-1024x-q80.webp 1024w, https_/www.troa.fr//tfc-troa-8-2250x-q90.1a]
[www.troa.fr/media/site/cb09fe35bf-1718019977/tfc-troa-9-600x-q90.webp 600w, https_/www.troa.fr/media/site/cb09fe35bf-1718019977/tfc-troa-9-1024x-q80.webp 1024w, https_/www.troa.fr//tfc-troa-9-2250x-q90.1a]
[www.troa.fr/media/site/d5e818c6bc-1717958509/tfc-troa-10-600x-q90.webp 600w, https_/www.troa.fr/media/site/d5e818c6bc-1717958509/tfc-troa-10-1024x-q80.webp 1024w, https_/www.troa.f/tfc-troa-10-2250x-q90.1]
[www.troa.fr/media/site/bcf044cedb-1734939237/9x8-frame1400003135-600x-q90.webp 600w, https_/www.troa.fr/media/site/bcf044cedb-1734939237/9x8-frame1400003135-1024x-q80.webp 1024w, h/9x8-frame1400003135-225]
[www.troa.fr/media/site/60ec50f913-1734940797/st9x8-frame-1400003134-600x-q90.webp 600w, http/www.troa.fr/media/site/60ec50f913-1734940797/st9x8-frame-1400003134-1024x-q80.webp 1024/st9x8-frame-1400003134-]
[www.troa.fr/media/site/1f6e10eb96-1734815829/image3-600x-q90.webp 600w, https_/www.troa.fr/media/site/1f6e10eb96-1734815829/image3-1024x-q80.webp 1024w, https_/www.troa.fr/media/si/image3-2250x-q90.1b2.de]
[www.troa.fr/media/site/c647d80045-1734815842/image4-600x-q90.webp 600w, https_/www.troa.fr/media/site/c647d80045-1734815842/image4-1024x-q80.webp 1024w, https_/www.troa.fr/media/si/image4-2250x-q90.1b4.de]
[www.troa.fr/media/site/4e926521e6-1734815863/image5-600x-q90.webp 600w, https_/www.troa.fr/media/site/4e926521e6-1734815863/image5-1024x-q80.webp 1024w, https_/www.troa.fr/media/si/image5-2250x-q90.1b6.de]
[www.troa.fr/media/site/6310b1d05a-1734815897/image6-600x-q90.webp 600w, https_/www.troa.fr/media/site/6310b1d05a-1734815897/image6-1024x-q80.webp 1024w, https_/www.troa.fr/media/si/image6-2250x-q90.1b8.de]
[www.troa.fr/media/site/c0f7c7e295-1734815985/image7-600x-q90.webp 600w, https_/www.troa.fr/media/site/c0f7c7e295-1734815985/image7-1024x-q80.webp 1024w, https_/www.troa.fr/media/si/image7-2250x-q90.1ba.de]
[www.troa.fr/media/site/6f0ea65762-1734816020/image8-600x-q90.webp 600w, https_/www.troa.fr/media/site/6f0ea65762-1734816020/image8-1024x-q80.webp 1024w, https_/www.troa.fr/media/si/image8-2250x-q90.1bc.de]
[www.troa.fr/media/site/0507af2f59-1734816031/image9-600x-q90.webp 600w, https_/www.troa.fr/media/site/0507af2f59-1734816031/image9-1024x-q80.webp 1024w, https_/www.troa.fr/media/si/image9-2250x-q90.1be.de]
[www.troa.fr/media/site/8123816e2d-1734816062/image9-600x-q90.webp 600w, https_/www.troa.fr/media/site/8123816e2d-1734816062/image9-1024x-q80.webp 1024w, https_/www.troa.fr/media/si/image9-2250x-q90.1c0.de]
[www.troa.fr/media/site/93c539d844-1734816160/image-11-600x-q90.webp 600w, https_/www.troa.fr/media/site/93c539d844-1734816160/image-11-1024x-q80.webp 1024w, https_/www.troa.fr/medi/image-11-2250x-q90.1c2]
[www.troa.fr/media/site/9aed2e994c-1734816192/image-12-600x-q90.webp 600w, https_/www.troa.fr/media/site/9aed2e994c-1734816192/image-12-1024x-q80.webp 1024w, https_/www.troa.fr/medi/image-12-2250x-q90.1c4]
[www.troa.fr/media/site/d4950950da-1734816223/image-9-600x-q90.webp 600w, https_/www.troa.fr/media/site/d4950950da-1734816223/image-9-1024x-q80.webp 1024w, https_/www.troa.fr/media//image-9-2250x-q90.1c6.d]
[www.troa.fr/media/site/c000ea7353-1761726995/marrons-imbert-1-600x-q90.webp 600w, https_/www.troa.fr/media/site/c000ea7353-1761726995/marrons-imbert-1-1024x-q80.webp 1024w, https_//marrons-imbert-1-2250x-]
[www.troa.fr/media/site/af215ad34b-1761727008/marrons-imbert-6-600x-q90.webp 600w, https_/www.troa.fr/media/site/af215ad34b-1761727008/marrons-imbert-6-1024x-q80.webp 1024w, https_//marrons-imbert-6-2250x-]
[www.troa.fr/media/site/f922b0108a-1761727026/marrons-imbert-2-600x-q90.webp 600w, https_/www.troa.fr/media/site/f922b0108a-1761727026/marrons-imbert-2-1024x-q80.webp 1024w, https_//marrons-imbert-2-2250x-]
[www.troa.fr/media/site/a7b7e06399-1761727059/marrons-imbert-4-600x-q90.webp 600w, https_/www.troa.fr/media/site/a7b7e06399-1761727059/marrons-imbert-4-1024x-q80.webp 1024w, https_//marrons-imbert-4-2250x-]
[www.troa.fr/media/site/115f2cc5d9-1761727046/marrons-imbert-3-600x-q90.webp 600w, https_/www.troa.fr/media/site/115f2cc5d9-1761727046/marrons-imbert-3-1024x-q80.webp 1024w, https_//marrons-imbert-3-2250x-]
[www.troa.fr/media/site/2d40651dc3-1761727071/marrons-imbert-5-600x-q90.webp 600w, https_/www.troa.fr/media/site/2d40651dc3-1761727071/marrons-imbert-5-1024x-q80.webp 1024w, https_//marrons-imbert-5-2250x-]
[www.troa.fr/media/site/02026bc01a-1761727079/marrons-imbert-7-600x-q90.webp 600w, https_/www.troa.fr/media/site/02026bc01a-1761727079/marrons-imbert-7-1024x-q80.webp 1024w, https_//marrons-imbert-7-2250x-]
[www.troa.fr/media/site/d6c6ad54f1-1761727090/marrons-imbert-8-600x-q90.webp 600w, https_/www.troa.fr/media/site/d6c6ad54f1-1761727090/marrons-imbert-8-1024x-q80.webp 1024w, https_//marrons-imbert-8-2250x-]
[www.troa.fr/media/site/106beab796-1718637400/rodeo-1-600x-q90.webp 600w, https_/www.troa.fr/media/site/106beab796-1718637400/rodeo-1-1024x-q80.webp 1024w, https_/www.troa.fr/media//rodeo-1-2250x-q90.1da.d]
[www.troa.fr/media/site/5440673e38-1718637552/frame-13073-600x-q90.webp 600w, https_/www.troa.fr/media/site/5440673e38-1718637552/frame-13073-1024x-q80.webp 1024w, https_/www.troa.f/frame-13073-2250x-q90.1]
[www.troa.fr/media/site/9bdad9f9b0-1718632873/rode-vi-2-600x-q90.webp 600w, https_/www.troa.fr/media/site/9bdad9f9b0-1718632873/rode-vi-2-1024x-q80.webp 1024w, https_/www.troa.fr/me/rode-vi-2-2250x-q90.1e0]
[www.troa.fr/media/site/5c1f651b42-1718639671/capture-decran-2024-06-17-a-17.49.26-600x-q90.w/www.troa.fr/media/site/5c1f651b42-1718639671/capture-decran-2024-06-17-a-17.49.26-1024x/capture-decran-2024-06-]
[www.troa.fr/media/site/5f2176fc10-1718639856/capture-decran-2024-06-17-a-17.56.43-600x-q90.w/www.troa.fr/media/site/5f2176fc10-1718639856/capture-decran-2024-06-17-a-17.56.43-1024x/capture-decran-2024-06-]
[www.troa.fr/media/site/22ac7275d0-1718637630/frame-13072-600x-q90.webp 600w, https_/www.troa.fr/media/site/22ac7275d0-1718637630/frame-13072-1024x-q80.webp 1024w, https_/www.troa.f/frame-13072-2250x-q90.1]
[www.troa.fr/media/site/eace5b6c0f-1718637729/frame-13074-600x-q90.webp 600w, https_/www.troa.fr/media/site/eace5b6c0f-1718637729/frame-13074-1024x-q80.webp 1024w, https_/www.troa.f/frame-13074-2250x-q90.1]
[www.troa.fr/media/site/1c3f76b088-1718637843/gallery_19-600x-q90.webp 600w, https_/www.troa.fr/media/site/1c3f76b088-1718637843/gallery_19-1024x-q80.webp 1024w, https_/www.troa.fr//gallery_19-2250x-q90.1e]
[www.troa.fr/media/site/203781a1c0-1718639054/frame-13076-600x-q90.webp 600w, https_/www.troa.fr/media/site/203781a1c0-1718639054/frame-13076-1024x-q80.webp 1024w, https_/www.troa.f/frame-13076-2250x-q90.1]
[www.troa.fr/media/site/fd6d9c040d-1718639079/frame-13075-600x-q90.webp 600w, https_/www.troa.fr/media/site/fd6d9c040d-1718639079/frame-13075-1024x-q80.webp 1024w, https_/www.troa.f/frame-13075-2250x-q90.1]
[www.troa.fr/media/site/016dc67de5-1718639102/frame-13091-600x-q90.webp 600w, https_/www.troa.fr/media/site/016dc67de5-1718639102/frame-13091-1024x-q80.webp 1024w, https_/www.troa.f/frame-13091-2250x-q90.1]
[www.troa.fr/media/site/85378d2128-1718021847/lipton-troa-1-600x-q90.webp 600w, https_/www.troa.fr/media/site/85378d2128-1718021847/lipton-troa-1-1024x-q80.webp 1024w, https_/www.tr/lipton-troa-1-2250x-q90]
[www.troa.fr/media/site/f467454bd7-1717960684/lipton-troa-2-600x-q90.webp 600w, https_/www.troa.fr/media/site/f467454bd7-1717960684/lipton-troa-2-1024x-q80.webp 1024w, https_/www.tr/lipton-troa-2-2250x-q90]
[www.troa.fr/media/site/554d13ee31-1717960701/lipton-troa-3-600x-q90.webp 600w, https_/www.troa.fr/media/site/554d13ee31-1717960701/lipton-troa-3-1024x-q80.webp 1024w, https_/www.tr/lipton-troa-3-2250x-q90]
[www.troa.fr/media/site/47c2da8e7a-1717960742/lipton-troa-4-600x-q90.webp 600w, https_/www.troa.fr/media/site/47c2da8e7a-1717960742/lipton-troa-4-1024x-q80.webp 1024w, https_/www.tr/lipton-troa-4-2250x-q90]
[www.troa.fr/media/site/7fea57faaf-1717960771/lipton-troa-5-600x-q90.webp 600w, https_/www.troa.fr/media/site/7fea57faaf-1717960771/lipton-troa-5-1024x-q80.webp 1024w, https_/www.tr/lipton-troa-5-2250x-q90]
[www.troa.fr/media/site/08e10f72f9-1717960808/lipton-troa-6-600x-q90.webp 600w, https_/www.troa.fr/media/site/08e10f72f9-1717960808/lipton-troa-6-1024x-q80.webp 1024w, https_/www.tr/lipton-troa-6-2250x-q90]
[www.troa.fr/media/site/ad78ecea07-1717960855/lipton-troa-7-600x-q90.webp 600w, https_/www.troa.fr/media/site/ad78ecea07-1717960855/lipton-troa-7-1024x-q80.webp 1024w, https_/www.tr/lipton-troa-7-2250x-q90]
[www.troa.fr/media/site/a3092e9018-1717960884/lipton-troa-8-600x-q90.webp 600w, https_/www.troa.fr/media/site/a3092e9018-1717960884/lipton-troa-8-1024x-q80.webp 1024w, https_/www.tr/lipton-troa-8-2250x-q90]
[www.troa.fr/media/site/da8de1c227-1717960898/lipton-troa-9-600x-q90.webp 600w, https_/www.troa.fr/media/site/da8de1c227-1717960898/lipton-troa-9-1024x-q80.webp 1024w, https_/www.tr/lipton-troa-9-2250x-q90]
[www.troa.fr/media/site/f644948492-1717960918/lipton-troa-10-600x-q90.webp 600w, https_/www.troa.fr/media/site/f644948492-1717960918/lipton-troa-10-1024x-q80.webp 1024w, https_/www/lipton-troa-10-2250x-q9]
[www.troa.fr/media/site/bdbd65a341-1717960995/lipton-troa-11-600x-q90.webp 600w, https_/www.troa.fr/media/site/bdbd65a341-1717960995/lipton-troa-11-1024x-q80.webp 1024w, https_/www/lipton-troa-11-2250x-q9]
[www.troa.fr/media/site/3ca31178a3-1733505822/grotte-demoiselles-print-600x-q90.webp 600w, ht/www.troa.fr/media/site/3ca31178a3-1733505822/grotte-demoiselles-print-1024x-q80.webp 10/grotte-demoiselles-prin]
[www.troa.fr/media/site/3e5aa7a5ac-1733505237/da-troa-2-600x-q90.webp 600w, https_/www.troa.fr/media/site/3e5aa7a5ac-1733505237/da-troa-2-1024x-q80.webp 1024w, https_/www.troa.fr/me/da-troa-2-2250x-q90.20b]
[www.troa.fr/media/site/9a321a225c-1727681638/troa_expertise_da_bs_519a1527-600x-q90.webp 600/www.troa.fr/media/site/9a321a225c-1727681638/troa_expertise_da_bs_519a1527-1024x-q80.we/troa_expertise_da_bs_51]
[www.troa.fr/media/site/a5790d510d-1736528854/bloo-600x-q90.webp 600w, https_/www.troa.fr/media/site/a5790d510d-1736528854/bloo-1024x-q80.webp 1024w, https_/www.troa.fr/media/site/a/bloo-2250x-q90.20f.dela]
[www.troa.fr/media/site/6efbd07d6b-1735829729/phamily_image-3-600x-q90.webp 600w, https_/www.troa.fr/media/site/6efbd07d6b-1735829729/phamily_image-3-1024x-q80.webp 1024w, https_/ww/phamily_image-3-2250x-q]
[www.troa.fr/media/site/55104edfc4-1734538157/direction-artistique-troa-1-600x-q90.webp 600w,/www.troa.fr/media/site/55104edfc4-1734538157/direction-artistique-troa-1-1024x-q80.webp/direction-artistique-tr]
[www.troa.fr/media/site/d2cad100fe-1736529603/frame-1087-600x-q90.webp 600w, https_/www.troa.fr/media/site/d2cad100fe-1736529603/frame-1087-1024x-q80.webp 1024w, https_/www.troa.fr//frame-1087-2250x-q90.21]
[www.troa.fr/media/site/3ccf9d0e09-1729001903/brice-troa-cover-600x-q80.webp]
[www.troa.fr/media/site/e5dc6fd6a2-1734541637/design-responsable-full-600x-q80.webp]
[www.troa.fr/actualites/design-web-sobriete-numerique.html]
[www.troa.fr/media/site/0042263886-1734541367/design-responsable-cover-600x-q90.webp 600w, ht/www.troa.fr/media/site/0042263886-1734541367/design-responsable-cover-1024x-q80.webp 10/design-responsable-cove]
[www.troa.fr/media/site/a5ccdb31ce-1718026204/vc23-cover-600x-q90.webp 600w, https_/www.troa.fr/media/site/a5ccdb31ce-1718026204/vc23-cover-1024x-q80.webp 1024w, https_/www.troa.fr//vc23-cover-2250x-q90.21]
[www.troa.fr/media/site/0cd8147852-1727682816/troa_expertises_site_bs_519a1622-600x-q90.webp/www.troa.fr/media/site/0cd8147852-1727682816/troa_expertises_site_bs_519a1622-1024x-q80/troa_expertises_site_bs]
[www.troa.fr/media/site/ffcb9c67e8-1736241229/troa_home_bs_519a1480-600x-q90.webp 600w, https/www.troa.fr/media/site/ffcb9c67e8-1736241229/troa_home_bs_519a1480-1024x-q80.webp 1024w/troa_home_bs_519a1480-2]
[www.troa.fr/media/site/78f976ed9f-1736151619/frame-1400003175-600x-q90.webp 600w, https_/www.troa.fr/media/site/78f976ed9f-1736151619/frame-1400003175-1024x-q80.webp 1024w, https_//frame-1400003175-2250x-]
[www.troa.fr/media/site/b7c5e615fb-1736528647/01-600x-q90.webp 600w, https_/www.troa.fr/media/site/b7c5e615fb-1736528647/01-1024x-q80.webp 1024w, https_/www.troa.fr/media/site/b7c5e/01-2250x-q90.222.delaye]
[www.troa.fr/media/site/802ba14450-1734627846/01-600x-q90.webp 600w, https_/www.troa.fr/media/site/802ba14450-1734627846/01-1024x-q80.webp 1024w, https_/www.troa.fr/media/site/802ba/01-2250x-q90.224.delaye]
[www.troa.fr/media/site/02d466ec23-1734538747/site-vitrine-troa-5-600x-q90.webp 600w, https_/www.troa.fr/media/site/02d466ec23-1734538747/site-vitrine-troa-5-1024x-q80.webp 1024w, h/site-vitrine-troa-5-225]
[www.troa.fr/media/site/36234d3095-1734538662/site-vitrine-troa-3-600x-q80.webp]
[www.troa.fr/media/site/a67bf0e970-1728985752/accessibilite-web-big-600x-q80.webp]
[www.troa.fr/media/site/c356cdd1d5-1728985762/accessibilite-web-big2-600x-q80.webp]
[www.troa.fr/actualites/accessibilite-web.html]
[www.troa.fr/media/site/7be49d27e0-1728985508/accessibilite-web-cover-600x-q90.webp 600w, htt/www.troa.fr/media/site/7be49d27e0-1728985508/accessibilite-web-cover-1024x-q80.webp 102/accessibilite-web-cover]
[www.troa.fr/media/site/374fe0f81b-1729505826/ecommerce-troa-1-600x-q90.webp 600w, https_/www.troa.fr/media/site/374fe0f81b-1729505826/ecommerce-troa-1-1024x-q80.webp 1024w, https_//ecommerce-troa-1-2250x-]
[www.troa.fr/media/site/96f0e84b58-1729505834/ecommerce-troa2-600x-q90.webp 600w, https_/www.troa.fr/media/site/96f0e84b58-1729505834/ecommerce-troa2-1024x-q80.webp 1024w, https_/ww/ecommerce-troa2-2250x-q]
[www.troa.fr/media/site/0e0f889406-1734539180/ecommerce-troa-12-600x-q90.webp 600w, https_/www.troa.fr/media/site/0e0f889406-1734539180/ecommerce-troa-12-1024x-q80.webp 1024w, https/ecommerce-troa-12-2250x]
[www.troa.fr/media/site/a7a4a23d15-1734539190/ecommerce-troa-10-600x-q90.webp 600w, https_/www.troa.fr/media/site/a7a4a23d15-1734539190/ecommerce-troa-10-1024x-q80.webp 1024w, https/ecommerce-troa-10-2250x]
[www.troa.fr/media/site/c4125a25fa-1734539198/ecommerce-troa-11-600x-q90.webp 600w, https_/www.troa.fr/media/site/c4125a25fa-1734539198/ecommerce-troa-11-1024x-q80.webp 1024w, https/ecommerce-troa-11-2250x]
[www.troa.fr/media/site/39a6602f8a-1734539251/ecommerce-troa-13-600x-q90.webp 600w, https_/www.troa.fr/media/site/39a6602f8a-1734539251/ecommerce-troa-13-1024x-q80.webp 1024w, https/ecommerce-troa-13-2250x]
[www.troa.fr/media/site/958494a71f-1727863663/heroines5-600x-q90.webp 600w, https_/www.troa.fr/media/site/958494a71f-1727863663/heroines5-1024x-q80.webp 1024w, https_/www.troa.fr/me/heroines5-2250x-q90.237]
[www.troa.fr/media/site/5435b297b8-1729518668/crm-troa-1-600x-q90.webp 600w, https_/www.troa.fr/media/site/5435b297b8-1729518668/crm-troa-1-1024x-q80.webp 1024w, https_/www.troa.fr//crm-troa-1-2250x-q90.23]
[www.troa.fr/media/site/c513cec94c-1729518676/crm-troa-2-600x-q90.webp 600w, https_/www.troa.fr/media/site/c513cec94c-1729518676/crm-troa-2-1024x-q80.webp 1024w, https_/www.troa.fr//crm-troa-2-2250x-q90.23]
[www.troa.fr/media/site/ea3741374c-1734539548/outil-metier-troa-3-600x-q90.webp 600w, https_/www.troa.fr/media/site/ea3741374c-1734539548/outil-metier-troa-3-1024x-q80.webp 1024w, h/outil-metier-troa-3-225]
[www.troa.fr/media/site/f8a57543f8-1734539538/outil-metier-troa-5-600x-q90.webp 600w, https_/www.troa.fr/media/site/f8a57543f8-1734539538/outil-metier-troa-5-1024x-q80.webp 1024w, h/outil-metier-troa-5-225]
[www.troa.fr/media/site/97aaa17660-1729518691/crm-troa-3-600x-q90.webp 600w, https_/www.troa.fr/media/site/97aaa17660-1729518691/crm-troa-3-1024x-q80.webp 1024w, https_/www.troa.fr//crm-troa-3-2250x-q90.24]
[www.troa.fr/media/site/45d8e39cdc-1734539562/outil-metier-troa-1-600x-q90.webp 600w, https_/www.troa.fr/media/site/45d8e39cdc-1734539562/outil-metier-troa-1-1024x-q80.webp 1024w, h/outil-metier-troa-1-225]
[www.troa.fr/media/site/78ee3357a7-1729021364/aeko-cover-600x-q90.webp 600w, https_/www.troa.fr/media/site/78ee3357a7-1729021364/aeko-cover-1024x-q80.webp 1024w, https_/www.troa.fr//aeko-cover-2250x-q90.24]
[www.troa.fr/media/site/3d23fb6722-1734540205/seo-troa-4-600x-q90.webp 600w, https_/www.troa.fr/media/site/3d23fb6722-1734540205/seo-troa-4-1024x-q80.webp 1024w, https_/www.troa.fr//seo-troa-4-2250x-q90.24]
[www.troa.fr/media/site/23f6b41183-1734540213/seo-troa-1-600x-q90.webp 600w, https_/www.troa.fr/media/site/23f6b41183-1734540213/seo-troa-1-1024x-q80.webp 1024w, https_/www.troa.fr//seo-troa-1-2250x-q90.24]
[www.troa.fr/media/site/5e011d1e71-1734540228/seo-troa-3-600x-q90.webp 600w, https_/www.troa.fr/media/site/5e011d1e71-1734540228/seo-troa-3-1024x-q80.webp 1024w, https_/www.troa.fr//seo-troa-3-2250x-q90.24]
[www.troa.fr/media/site/ea75b9bd9b-1734540260/outil-metier-troa-2-600x-q90.webp 600w, https_/www.troa.fr/media/site/ea75b9bd9b-1734540260/outil-metier-troa-2-1024x-q80.webp 1024w, h/outil-metier-troa-2-225]
[www.troa.fr/media/site/406b66f51e-1734540267/seo-troa-2-600x-q90.webp 600w, https_/www.troa.fr/media/site/406b66f51e-1734540267/seo-troa-2-1024x-q80.webp 1024w, https_/www.troa.fr//seo-troa-2-2250x-q90.24]
[www.troa.fr/media/site/429d4751b1-1733483869/base-seo-big-600x-q80.webp]
[www.troa.fr/media/site/c653809a3d-1733495620/seo-tenor-1-600x-q80.webp]
[www.troa.fr/media/site/a9aa26d279-1733496153/base-seo-small2-600x-q80.webp]
[www.troa.fr/actualites/bases-comprendre-seo.html]
[www.troa.fr/media/site/16633948ce-1733496440/base-seo-small3-600x-q80.webp]
[www.troa.fr/media/site/ab11c220b4-1733483568/base-seo-cover-600x-q90.webp 600w, https_/www.troa.fr/media/site/ab11c220b4-1733483568/base-seo-cover-1024x-q80.webp 1024w, https_/www/base-seo-cover-2250x-q9]
[www.troa.fr/media/pages/realisations/vendom-talents/20755d0edd-1717515579/vendom-cover-15-min-min-600x-q90.webp 600w, htt/www.troa.fr/media/pages/realisations/vendom-talents/20755d/vendom-cover-15-min-min]
[www.troa.fr/media/site/4265265ed1-1729265970/hebergement-web-troa-3-600x-q90.webp 600w, http/www.troa.fr/media/site/4265265ed1-1729265970/hebergement-web-troa-3-1024x-q80.webp 1024/hebergement-web-troa-3-]
[www.troa.fr/media/site/308629305a-1729265939/hebergement-web-troa-2-600x-q90.webp 600w, http/www.troa.fr/media/site/308629305a-1729265939/hebergement-web-troa-2-1024x-q80.webp 1024/hebergement-web-troa-2-]
[www.troa.fr/media/site/ea2a5cb350-1729265929/hebergement-web-troa-1-600x-q90.webp 600w, http/www.troa.fr/media/site/ea2a5cb350-1729265929/hebergement-web-troa-1-1024x-q80.webp 1024/hebergement-web-troa-1-]
[www.troa.fr/media/site/833c424bcb-1734539846/hebergement-web-troa-10-600x-q90.webp 600w, htt/www.troa.fr/media/site/833c424bcb-1734539846/hebergement-web-troa-10-1024x-q80.webp 102/hebergement-web-troa-10]
[www.troa.fr/media/site/7548759693-1734539855/hebergement-web-troa-11-600x-q90.webp 600w, htt/www.troa.fr/media/site/7548759693-1734539855/hebergement-web-troa-11-1024x-q80.webp 102/hebergement-web-troa-11]
[www.troa.fr/media/site/05e5d14400-1734539862/hebergement-web-troa-12-600x-q90.webp 600w, htt/www.troa.fr/media/site/05e5d14400-1734539862/hebergement-web-troa-12-1024x-q80.webp 102/hebergement-web-troa-12]
[www.troa.fr/actualites/annual-awwwards-2021.html]
[www.troa.fr/media/site/5724f8ae32-1728986989/annual-awwwards21-cover-600x-q90.webp 600w, htt/www.troa.fr/media/site/5724f8ae32-1728986989/annual-awwwards21-cover-1024x-q80.webp 102/annual-awwwards21-cover]
[www.troa.fr/media/site/af62a93def-1773826466/kirby-cms-troa-2026-20-600x-q90.webp 600w, http/www.troa.fr/media/site/af62a93def-1773826466/kirby-cms-troa-2026-20-1024x-q80.webp 1024/kirby-cms-troa-2026-20-]
[www.troa.fr/media/site/8a131de466-1773826483/kirby-cms-troa-2026-10-600x-q90.webp 600w, http/www.troa.fr/media/site/8a131de466-1773826483/kirby-cms-troa-2026-10-1024x-q80.webp 1024/kirby-cms-troa-2026-10-]
[www.troa.fr/media/site/cbdb30990f-1751608569/article-eco-1-xsd-tiny-600x-q90.webp 600w, http/www.troa.fr/media/site/cbdb30990f-1751608569/article-eco-1-xsd-tiny-1024x-q80.webp 1024/article-eco-1-xsd-tiny-]
[www.troa.fr/media/site/bc005cddeb-1751607842/article-eco-001-600x-q90.webp 600w, https_/www.troa.fr/media/site/bc005cddeb-1751607842/article-eco-001-1024x-q80.webp 1024w, https_/ww/article-eco-001-2250x-q]
[www.troa.fr/media/site/e09947e660-1751607991/article-eco-16-1-sd-tiny-600x-q90.webp 600w, ht/www.troa.fr/media/site/e09947e660-1751607991/article-eco-16-1-sd-tiny-1024x-q80.webp 10/article-eco-16-1-sd-tin]
[www.troa.fr/media/site/8910247df0-1751608038/article-eco-8-600x-q90.webp 600w, https_/www.troa.fr/media/site/8910247df0-1751608038/article-eco-8-1024x-q80.webp 1024w, https_/www.tr/article-eco-8-2250x-q90]
[www.troa.fr/media/site/34b4360751-1751608189/article-eco-15-600x-q90.webp 600w, https_/www.troa.fr/media/site/34b4360751-1751608189/article-eco-15-1024x-q80.webp 1024w, https_/www/article-eco-15-2250x-q9]
[www.troa.fr/media/site/e3e1fece6d-1751608266/article-eco-14-sd-tiny-600x-q90.webp 600w, http/www.troa.fr/media/site/e3e1fece6d-1751608266/article-eco-14-sd-tiny-1024x-q80.webp 1024/article-eco-14-sd-tiny-]
[www.troa.fr/media/site/7413bd3d39-1750953601/instagram-post-2-600x-q90.webp 600w, https_/www.troa.fr/media/site/7413bd3d39-1750953601/instagram-post-2-1024x-q80.webp 1024w, https_//instagram-post-2-2250x-]
[www.troa.fr/media/site/1c4eb1e22c-1770744108/foudre-2-600x-q90.webp 600w, https_/www.troa.fr/media/site/1c4eb1e22c-1770744108/foudre-2-1024x-q80.webp 1024w, https_/www.troa.fr/medi/foudre-2-2250x-q90.2f0]
[www.troa.fr/media/site/e68590918a-1770744271/foudre-4-600x-q90.webp 600w, https_/www.troa.fr/media/site/e68590918a-1770744271/foudre-4-1024x-q80.webp 1024w, https_/www.troa.fr/medi/foudre-4-2250x-q90.2f4]
[www.troa.fr/media/site/a20a75a192-1770744459/foudre-3-600x-q90.webp 600w, https_/www.troa.fr/media/site/a20a75a192-1770744459/foudre-3-1024x-q80.webp 1024w, https_/www.troa.fr/medi/foudre-3-2250x-q90.2f8]
[www.troa.fr/media/site/ba2cf4dafb-1734898930/aqua_image-600x-q90.webp 600w, https_/www.troa.fr/media/site/ba2cf4dafb-1734898930/aqua_image-1024x-q80.webp 1024w, https_/www.troa.fr//aqua_image-2250x-q90.2f]
[www.troa.fr/media/site/e953e2f719-1734898940/aqua_02-600x-q90.webp 600w, https_/www.troa.fr/media/site/e953e2f719-1734898940/aqua_02-1024x-q80.webp 1024w, https_/www.troa.fr/media//aqua_02-2250x-q90.2fd.d]
[www.troa.fr/media/site/5ef5b795e3-1734899037/aqua_04-600x-q90.webp 600w, https_/www.troa.fr/media/site/5ef5b795e3-1734899037/aqua_04-1024x-q80.webp 1024w, https_/www.troa.fr/media//aqua_04-2250x-q90.301.d]
[www.troa.fr/media/site/c46e214716-1734899062/aqua_06-600x-q90.webp 600w, https_/www.troa.fr/media/site/c46e214716-1734899062/aqua_06-1024x-q80.webp 1024w, https_/www.troa.fr/media//aqua_06-2250x-q90.303.d]
[www.troa.fr/media/site/fc04bae2d8-1734899073/aqua_07-600x-q90.webp 600w, https_/www.troa.fr/media/site/fc04bae2d8-1734899073/aqua_07-1024x-q80.webp 1024w, https_/www.troa.fr/media//aqua_07-2250x-q90.305.d]
[www.troa.fr/media/site/469d799f0e-1734899100/aqua_08-600x-q90.webp 600w, https_/www.troa.fr/media/site/469d799f0e-1734899100/aqua_08-1024x-q80.webp 1024w, https_/www.troa.fr/media//aqua_08-2250x-q90.307.d]
[www.troa.fr/media/site/0b541a44a3-1734899128/aqua_09-600x-q90.webp 600w, https_/www.troa.fr/media/site/0b541a44a3-1734899128/aqua_09-1024x-q80.webp 1024w, https_/www.troa.fr/media//aqua_09-2250x-q90.309.d]
[www.troa.fr/media/site/0547f008f7-1734899146/aqua_10-600x-q90.webp 600w, https_/www.troa.fr/media/site/0547f008f7-1734899146/aqua_10-1024x-q80.webp 1024w, https_/www.troa.fr/media//aqua_10-2250x-q90.30b.d]
[www.troa.fr/media/site/093e9c2e5c-1734902042/pst-frame-1400003131-600x-q90.webp 600w, https_/www.troa.fr/media/site/093e9c2e5c-1734902042/pst-frame-1400003131-1024x-q80.webp 1024w,/pst-frame-1400003131-22]
[www.troa.fr/media/site/4219afc389-1734899409/pst_02-600x-q90.webp 600w, https_/www.troa.fr/media/site/4219afc389-1734899409/pst_02-1024x-q80.webp 1024w, https_/www.troa.fr/media/si/pst_02-2250x-q90.310.de]
[www.troa.fr/media/site/91d6f43d4d-1734899437/pst_03-600x-q90.webp 600w, https_/www.troa.fr/media/site/91d6f43d4d-1734899437/pst_03-1024x-q80.webp 1024w, https_/www.troa.fr/media/si/pst_03-2250x-q90.312.de]
[www.troa.fr/media/site/3ef17335f2-1734902502/capture-decran-2024-12-22-a-22.21.01-600x-q90.w/www.troa.fr/media/site/3ef17335f2-1734902502/capture-decran-2024-12-22-a-22.21.01-1024x/capture-decran-2024-12-]
[www.troa.fr/media/site/17b83d20db-1734902086/pst-frame-1093-600x-q90.webp 600w, https_/www.troa.fr/media/site/17b83d20db-1734902086/pst-frame-1093-1024x-q80.webp 1024w, https_/www/pst-frame-1093-2250x-q9]
[www.troa.fr/media/site/f1173bd1cd-1734899538/pst_04-600x-q90.webp 600w, https_/www.troa.fr/media/site/f1173bd1cd-1734899538/pst_04-1024x-q80.webp 1024w, https_/www.troa.fr/media/si/pst_04-2250x-q90.318.de]
[www.troa.fr/media/site/1dc2a5a837-1736238590/img_6082-600x-q90.webp 600w, https_/www.troa.fr/media/site/1dc2a5a837-1736238590/img_6082-1024x-q80.webp 1024w, https_/www.troa.fr/medi/img_6082-2250x-q90.31a]
[www.troa.fr/media/site/30017b1128-1734899761/pst_06-600x-q90.webp 600w, https_/www.troa.fr/media/site/30017b1128-1734899761/pst_06-1024x-q80.webp 1024w, https_/www.troa.fr/media/si/pst_06-2250x-q90.31c.de]
[www.troa.fr/media/site/39922ee6f0-1734899791/pst_087-600x-q90.webp 600w, https_/www.troa.fr/media/site/39922ee6f0-1734899791/pst_087-1024x-q80.webp 1024w, https_/www.troa.fr/media//pst_087-2250x-q90.31e.d]
[www.troa.fr/media/site/ee235ab95c-1734899799/pst_08-600x-q90.webp 600w, https_/www.troa.fr/media/site/ee235ab95c-1734899799/pst_08-1024x-q80.webp 1024w, https_/www.troa.fr/media/si/pst_08-2250x-q90.320.de]
[www.troa.fr/media/site/b2be67137d-1734899831/pst_09-600x-q90.webp 600w, https_/www.troa.fr/media/site/b2be67137d-1734899831/pst_09-1024x-q80.webp 1024w, https_/www.troa.fr/media/si/pst_09-2250x-q90.322.de]
[www.troa.fr/media/site/060f9f2efe-1734899837/pst_10-600x-q90.webp 600w, https_/www.troa.fr/media/site/060f9f2efe-1734899837/pst_10-1024x-q80.webp 1024w, https_/www.troa.fr/media/si/pst_10-2250x-q90.324.de]
[www.troa.fr/media/site/ccdee69655-1734899863/pst_11-600x-q90.webp 600w, https_/www.troa.fr/media/site/ccdee69655-1734899863/pst_11-1024x-q80.webp 1024w, https_/www.troa.fr/media/si/pst_11-2250x-q90.326.de]
[www.troa.fr/media/site/0f44fc727c-1734899883/pst_12-600x-q90.webp 600w, https_/www.troa.fr/media/site/0f44fc727c-1734899883/pst_12-1024x-q80.webp 1024w, https_/www.troa.fr/media/si/pst_12-2250x-q90.328.de]
[www.troa.fr/media/site/e13adf4fc4-1734899897/pst_13-600x-q90.webp 600w, https_/www.troa.fr/media/site/e13adf4fc4-1734899897/pst_13-1024x-q80.webp 1024w, https_/www.troa.fr/media/si/pst_13-2250x-q90.32a.de]
[www.troa.fr/media/site/b9c7003cf3-1734899927/pst_14-600x-q90.webp 600w, https_/www.troa.fr/media/site/b9c7003cf3-1734899927/pst_14-1024x-q80.webp 1024w, https_/www.troa.fr/media/si/pst_14-2250x-q90.32c.de]
[www.troa.fr/media/site/f746ff330e-1734901695/pst-frame-1101-600x-q90.webp 600w, https_/www.troa.fr/media/site/f746ff330e-1734901695/pst-frame-1101-1024x-q80.webp 1024w, https_/www/pst-frame-1101-2250x-q9]
[www.troa.fr/media/site/cd415c5cee-1734899943/pst_15-600x-q90.webp 600w, https_/www.troa.fr/media/site/cd415c5cee-1734899943/pst_15-1024x-q80.webp 1024w, https_/www.troa.fr/media/si/pst_15-2250x-q90.330.de]
[www.troa.fr/media/site/c839713111-1734627859/02-600x-q90.webp 600w, https_/www.troa.fr/media/site/c839713111-1734627859/02-1024x-q80.webp 1024w, https_/www.troa.fr/media/site/c8397/02-2250x-q90.333.delaye]
[www.troa.fr/media/site/1de4f306c4-1734628682/04-600x-q90.webp 600w, https_/www.troa.fr/media/site/1de4f306c4-1734628682/04-1024x-q80.webp 1024w, https_/www.troa.fr/media/site/1de4f/04-2250x-q90.337.delaye]
[www.troa.fr/media/site/6023b9c357-1734681726/05-600x-q90.webp 600w, https_/www.troa.fr/media/site/6023b9c357-1734681726/05-1024x-q80.webp 1024w, https_/www.troa.fr/media/site/6023b/05-2250x-q90.339.delaye]
[www.troa.fr/media/site/982d466706-1734681743/06-600x-q90.webp 600w, https_/www.troa.fr/media/site/982d466706-1734681743/06-1024x-q80.webp 1024w, https_/www.troa.fr/media/site/982d4/06-2250x-q90.33b.delaye]
[www.troa.fr/media/site/184dcee8f5-1734681802/07-600x-q90.webp 600w, https_/www.troa.fr/media/site/184dcee8f5-1734681802/07-1024x-q80.webp 1024w, https_/www.troa.fr/media/site/184dc/07-2250x-q90.33d.delaye]
[www.troa.fr/media/site/d07f20f933-1734681815/08-600x-q90.webp 600w, https_/www.troa.fr/media/site/d07f20f933-1734681815/08-1024x-q80.webp 1024w, https_/www.troa.fr/media/site/d07f2/08-2250x-q90.33f.delaye]
[www.troa.fr/media/site/cf5fa9b258-1734681851/09-600x-q90.webp 600w, https_/www.troa.fr/media/site/cf5fa9b258-1734681851/09-1024x-q80.webp 1024w, https_/www.troa.fr/media/site/cf5fa/09-2250x-q90.341.delaye]
[www.troa.fr/media/site/9d44cb73c2-1734682002/feed5-600x-q90.webp 600w, https_/www.troa.fr/media/site/9d44cb73c2-1734682002/feed5-1024x-q80.webp 1024w, https_/www.troa.fr/media/site/feed5-2250x-q90.343.del]
[www.troa.fr/media/site/857348c149-1734682011/feed3-600x-q90.webp 600w, https_/www.troa.fr/media/site/857348c149-1734682011/feed3-1024x-q80.webp 1024w, https_/www.troa.fr/media/site/feed3-2250x-q90.345.del]
[www.troa.fr/media/site/dd5cc89018-1734817183/feed6a-600x-q90.webp 600w, https_/www.troa.fr/media/site/dd5cc89018-1734817183/feed6a-1024x-q80.webp 1024w, https_/www.troa.fr/media/si/feed6a-2250x-q90.347.de]
[www.troa.fr/media/site/d307c45d85-1734817195/feed6b-600x-q90.webp 600w, https_/www.troa.fr/media/site/d307c45d85-1734817195/feed6b-1024x-q80.webp 1024w, https_/www.troa.fr/media/si/feed6b-2250x-q90.349.de]
[www.troa.fr/media/site/5efa6b3f8c-1735829382/phamily_image-600x-q90.webp 600w, https_/www.troa.fr/media/site/5efa6b3f8c-1735829382/phamily_image-1024x-q80.webp 1024w, https_/www.tr/phamily_image-2250x-q90]
[www.troa.fr/media/site/1656efb7d0-1735829575/y-600x-q90.webp 600w, https_/www.troa.fr/media/site/1656efb7d0-1735829575/y-1024x-q80.webp 1024w, https_/www.troa.fr/media/site/1656efb7/y-2250x-q90.34f.delaye]
[www.troa.fr/media/site/ca82f78a54-1735829613/phamily_image-2-600x-q90.webp 600w, https_/www.troa.fr/media/site/ca82f78a54-1735829613/phamily_image-2-1024x-q80.webp 1024w, https_/ww/phamily_image-2-2250x-q]
[www.troa.fr/media/site/af768c4c93-1735830199/phamily_image-4-600x-q90.webp 600w, https_/www.troa.fr/media/site/af768c4c93-1735830199/phamily_image-4-1024x-q80.webp 1024w, https_/ww/phamily_image-4-2250x-q]
[www.troa.fr/media/site/502cdfe088-1735830229/phamily_image-6-600x-q90.webp 600w, https_/www.troa.fr/media/site/502cdfe088-1735830229/phamily_image-6-1024x-q80.webp 1024w, https_/ww/phamily_image-6-2250x-q]
[www.troa.fr/media/site/32644c8a04-1735830255/phamily_image-7-600x-q90.webp 600w, https_/www.troa.fr/media/site/32644c8a04-1735830255/phamily_image-7-1024x-q80.webp 1024w, https_/ww/phamily_image-7-2250x-q]
[www.troa.fr/media/site/d0c58543c4-1735830528/phamily-frame-1107-600x-q90.webp 600w, https_/www.troa.fr/media/site/d0c58543c4-1735830528/phamily-frame-1107-1024x-q80.webp 1024w, htt/phamily-frame-1107-2250]
[www.troa.fr/media/site/b04b65d9a6-1735832921/phamily_image-9-600x-q90.webp 600w, https_/www.troa.fr/media/site/b04b65d9a6-1735832921/phamily_image-9-1024x-q80.webp 1024w, https_/ww/phamily_image-9-2250x-q]
[www.troa.fr/media/site/bdeb75fd5b-1735832942/phamily_image-10-600x-q90.webp 600w, https_/www.troa.fr/media/site/bdeb75fd5b-1735832942/phamily_image-10-1024x-q80.webp 1024w, https_//phamily_image-10-2250x-]
[www.troa.fr/media/site/0da4c42cd1-1735832968/phamily_image-12-600x-q90.webp 600w, https_/www.troa.fr/media/site/0da4c42cd1-1735832968/phamily_image-12-1024x-q80.webp 1024w, https_//phamily_image-12-2250x-]
[www.troa.fr/media/site/e422c464cb-1735833005/phamily_image-11-600x-q90.webp 600w, https_/www.troa.fr/media/site/e422c464cb-1735833005/phamily_image-11-1024x-q80.webp 1024w, https_//phamily_image-11-2250x-]
[www.troa.fr/media/site/b29d35c844-1735833016/phamily_image-14-600x-q90.webp 600w, https_/www.troa.fr/media/site/b29d35c844-1735833016/phamily_image-14-1024x-q80.webp 1024w, https_//phamily_image-14-2250x-]
[www.troa.fr/media/site/2f33f7fd15-1735833044/phamily_image-15-600x-q90.webp 600w, https_/www.troa.fr/media/site/2f33f7fd15-1735833044/phamily_image-15-1024x-q80.webp 1024w, https_//phamily_image-15-2250x-]
[www.troa.fr/media/site/5c8e567bb6-1735833072/phamily_image-16-600x-q90.webp 600w, https_/www.troa.fr/media/site/5c8e567bb6-1735833072/phamily_image-16-1024x-q80.webp 1024w, https_//phamily_image-16-2250x-]
[www.troa.fr/media/site/9329bdec0c-1735853446/frame-154-600x-q90.webp 600w, https_/www.troa.fr/media/site/9329bdec0c-1735853446/frame-154-1024x-q80.webp 1024w, https_/www.troa.fr/me/frame-154-2250x-q90.36c]
[www.troa.fr/media/site/b69fcf2e3e-1735853432/70f64c576b3c475d55ba4f9e5a8aa172-600x-q90.webp/www.troa.fr/media/site/b69fcf2e3e-1735853432/70f64c576b3c475d55ba4f9e5a8aa172-1024x-q80/70f64c576b3c475d55ba4f9]
[www.troa.fr/media/site/aef29a6618-1735853486/mfk_br_creds_quote-600x-q90.webp 600w, https_/www.troa.fr/media/site/aef29a6618-1735853486/mfk_br_creds_quote-1024x-q80.webp 1024w, htt/mfk_br_creds_quote-2250]
[www.troa.fr/media/site/f1f70425c5-1735853505/pasted-image-3-600x-q90.webp 600w, https_/www.troa.fr/media/site/f1f70425c5-1735853505/pasted-image-3-1024x-q80.webp 1024w, https_/www/pasted-image-3-2250x-q9]
[www.troa.fr/media/site/c34c4a3889-1735853535/65017a2acc77d8a138967672db77302b-600x-q90.webp/www.troa.fr/media/site/c34c4a3889-1735853535/65017a2acc77d8a138967672db77302b-1024x-q80/65017a2acc77d8a13896767]
[www.troa.fr/media/site/85e14dbd36-1735853557/frame-1400003143-600x-q90.webp 600w, https_/www.troa.fr/media/site/85e14dbd36-1735853557/frame-1400003143-1024x-q80.webp 1024w, https_//frame-1400003143-2250x-]
[www.troa.fr/media/site/9c91e8ab97-1736150771/23-ec54f251cb462a65754f417d74637909-1920x-q80-6/www.troa.fr/media/site/9c91e8ab97-1736150771/23-ec54f251cb462a65754f417d74637909-1920x-/23-ec54f251cb462a65754f]
[www.troa.fr/media/site/ba99a55a55-1736150786/365448676_228170316867314_741340565682359616_n-/www.troa.fr/media/site/ba99a55a55-1736150786/365448676_228170316867314_7413405656823596/365448676_2281703168673]
[www.troa.fr/media/site/bdc24a9b99-1736150826/365620018_668283418517009_3702717107859311133_n/www.troa.fr/media/site/bdc24a9b99-1736150826/365620018_668283418517009_3702717107859311/365620018_6682834185170]
[www.troa.fr/media/site/8a6a173001-1736150849/cover-appendix-1920x-q80-600x-q90.webp 600w, ht/www.troa.fr/media/site/8a6a173001-1736150849/cover-appendix-1920x-q80-1024x-q80.webp 10/cover-appendix-1920x-q8]
[www.troa.fr/media/site/f10289fbb8-1736151000/365434131_659898422485954_3709326824278006057_n/www.troa.fr/media/site/f10289fbb8-1736151000/365434131_659898422485954_3709326824278006/365434131_6598984224859]
[www.troa.fr/media/site/95276dc2b4-1736151022/23-2d0c3b9fe71af2521d936b3e7d0fed8e-1920x-q80-6/www.troa.fr/media/site/95276dc2b4-1736151022/23-2d0c3b9fe71af2521d936b3e7d0fed8e-1920x-/23-2d0c3b9fe71af2521d93]
[www.troa.fr/media/site/23344baec1-1736151394/frame-1400003169-600x-q90.webp 600w, https_/www.troa.fr/media/site/23344baec1-1736151394/frame-1400003169-1024x-q80.webp 1024w, https_//frame-1400003169-2250x-]
[www.troa.fr/media/site/f67de45b1a-1736151465/23-2aab10ea2f7166030666bacc2da60e03-1920x-q80-6/www.troa.fr/media/site/f67de45b1a-1736151465/23-2aab10ea2f7166030666bacc2da60e03-1920x-/23-2aab10ea2f7166030666]
[www.troa.fr/media/site/7f27d3cd60-1736151507/frame-1400003173-600x-q90.webp 600w, https_/www.troa.fr/media/site/7f27d3cd60-1736151507/frame-1400003173-1024x-q80.webp 1024w, https_//frame-1400003173-2250x-]
[www.troa.fr/media/site/c056f32adf-1736151638/12f330cb0a38e95ff60fce8586774fc6-600x-q90.webp/www.troa.fr/media/site/c056f32adf-1736151638/12f330cb0a38e95ff60fce8586774fc6-1024x-q80/12f330cb0a38e95ff60fce8]
[www.troa.fr/media/site/eaf1cd6c4d-1736151680/frame-1400003174-600x-q90.webp 600w, https_/www.troa.fr/media/site/eaf1cd6c4d-1736151680/frame-1400003174-1024x-q80.webp 1024w, https_//frame-1400003174-2250x-]
[www.troa.fr/media/site/53ff5ab7fd-1736154437/impulsion_frame1400003153-600x-q90.webp 600w, h/www.troa.fr/media/site/53ff5ab7fd-1736154437/impulsion_frame1400003153-1024x-q80.webp 1/impulsion_frame14000031]
[www.troa.fr/media/site/e91da729b5-1736154450/impulsion_frame1400003144-600x-q90.webp 600w, h/www.troa.fr/media/site/e91da729b5-1736154450/impulsion_frame1400003144-1024x-q80.webp 1/impulsion_frame14000031]
[www.troa.fr/media/site/f374934d40-1736154495/impulsion_frame1400003146-600x-q90.webp 600w, h/www.troa.fr/media/site/f374934d40-1736154495/impulsion_frame1400003146-1024x-q80.webp 1/impulsion_frame14000031]
[www.troa.fr/media/site/016df1d927-1735900483/impulsion_frame1400003157-600x-q90.webp 600w, h/www.troa.fr/media/site/016df1d927-1735900483/impulsion_frame1400003157-1024x-q80.webp 1/impulsion_frame14000031]
[www.troa.fr/media/site/ac3b1129b2-1735900509/impulsion_frame1400003149-600x-q90.webp 600w, h/www.troa.fr/media/site/ac3b1129b2-1735900509/impulsion_frame1400003149-1024x-q80.webp 1/impulsion_frame14000031]
[www.troa.fr/media/site/d6895bf5e1-1735900526/impulsion_frame1400003150-600x-q90.webp 600w, h/www.troa.fr/media/site/d6895bf5e1-1735900526/impulsion_frame1400003150-1024x-q80.webp 1/impulsion_frame14000031]
[www.troa.fr/media/site/10a67d5a3a-1735900552/impulsion_frame1400003148-600x-q90.webp 600w, h/www.troa.fr/media/site/10a67d5a3a-1735900552/impulsion_frame1400003148-1024x-q80.webp 1/impulsion_frame14000031]
[www.troa.fr/media/site/97ba35562f-1735900574/impulsion_frame1400003152-600x-q90.webp 600w, h/www.troa.fr/media/site/97ba35562f-1735900574/impulsion_frame1400003152-1024x-q80.webp 1/impulsion_frame14000031]
[www.troa.fr/media/site/872ed2d17d-1735900586/impulsion_frame1400003145-600x-q90.webp 600w, h/www.troa.fr/media/site/872ed2d17d-1735900586/impulsion_frame1400003145-1024x-q80.webp 1/impulsion_frame14000031]
[www.troa.fr/media/site/53eb115c40-1735900632/impulsion_frame1400003155-600x-q90.webp 600w, h/www.troa.fr/media/site/53eb115c40-1735900632/impulsion_frame1400003155-1024x-q80.webp 1/impulsion_frame14000031]
[www.troa.fr/media/site/fdfa703c46-1735900707/impulsion_frame1400003147-600x-q90.webp 600w, h/www.troa.fr/media/site/fdfa703c46-1735900707/impulsion_frame1400003147-1024x-q80.webp 1/impulsion_frame14000031]
[www.troa.fr/media/site/7509a44199-1735900646/impulsion_frame1400003156-600x-q90.webp 600w, h/www.troa.fr/media/site/7509a44199-1735900646/impulsion_frame1400003156-1024x-q80.webp 1/impulsion_frame14000031]
[www.troa.fr/media/site/85c175aedc-1735900665/impulsion_frame1400003151-600x-q90.webp 600w, h/www.troa.fr/media/site/85c175aedc-1735900665/impulsion_frame1400003151-1024x-q80.webp 1/impulsion_frame14000031]
[www.troa.fr/media/site/1131bdf14e-1765367018/atomic-design-contenu-hero-600x-q90.webp 600w,/www.troa.fr/media/site/1131bdf14e-1765367018/atomic-design-contenu-hero-1024x-q80.webp/atomic-design-contenu-h]
[www.troa.fr/media/site/8d0476742a-1765375972/atomic_design_organism_structure-600x-q90.webp/www.troa.fr/media/site/8d0476742a-1765375972/atomic_design_organism_structure-1024x-q80/atomic_design_organism_]
[www.troa.fr/media/site/e88395f5f0-1765375958/atomic_design_molecule_structure-600x-q90.webp/www.troa.fr/media/site/e88395f5f0-1765375958/atomic_design_molecule_structure-1024x-q80/atomic_design_molecule_]
[www.troa.fr/media/site/ae1cf51d4b-1765366657/atomic-design-cover-600x-q90.webp 600w, https_/www.troa.fr/media/site/ae1cf51d4b-1765366657/atomic-design-cover-1024x-q80.webp 1024w, h/atomic-design-cover-225]
[www.troa.fr/media/site/9397c75a29-1768296076/hierarchie-atomic-design-600x-q90.webp 600w, ht/www.troa.fr/media/site/9397c75a29-1768296076/hierarchie-atomic-design-1024x-q80.webp 10/hierarchie-atomic-desig]
[www.troa.fr/media/site/bb07660038-1765377533/atomic_design_atom_image-600x-q90.webp 600w, ht/www.troa.fr/media/site/bb07660038-1765377533/atomic_design_atom_image-1024x-q80.webp 10/atomic_design_atom_imag]
[www.troa.fr/media/site/0d00c60b31-1765377542/atomic_design_atom_button-600x-q90.webp 600w, h/www.troa.fr/media/site/0d00c60b31-1765377542/atomic_design_atom_button-1024x-q80.webp 1/atomic_design_atom_butt]
[www.troa.fr/media/site/91e21e6ae5-1761829983/greenr-troa-3-600x-q90.webp 600w, https_/www.troa.fr/media/site/91e21e6ae5-1761829983/greenr-troa-3-1024x-q80.webp 1024w, https_/www.tr/greenr-troa-3-2250x-q90]
[www.troa.fr/media/site/7a7525ec3c-1756388303/ia-et-creation-contenu-hero-600x-q90.webp 600w,/www.troa.fr/media/site/7a7525ec3c-1756388303/ia-et-creation-contenu-hero-1024x-q80.webp/ia-et-creation-contenu-]
[www.troa.fr/media/site/d3bf725449-1755850456/kirby4-demo-600x-q90.webp 600w, https_/www.troa.fr/media/site/d3bf725449-1755850456/kirby4-demo-1024x-q80.webp 1024w, https_/www.troa.f/kirby4-demo-2250x-q90.3]
[www.troa.fr/media/site/7f3bb31b4e-1746518312/vanilla-js-troa-small2-600x-q90.webp 600w, http/www.troa.fr/media/site/7f3bb31b4e-1746518312/vanilla-js-troa-small2-1024x-q80.webp 1024/vanilla-js-troa-small2-]
[www.troa.fr/media/site/f6925fe811-1746458989/vanilla-js-troa-600x-q90.webp 600w, https_/www.troa.fr/media/site/f6925fe811-1746458989/vanilla-js-troa-1024x-q80.webp 1024w, https_/ww/vanilla-js-troa-2250x-q]
[www.troa.fr/media/site/b1bc51d61a-1744637836/troa_featured-600x-q90.webp 600w, https_/www.troa.fr/media/site/b1bc51d61a-1744637836/troa_featured-1024x-q80.webp 1024w, https_/www.tr/troa_featured-2250x-q90]
[www.troa.fr/media/site/9ff227d9dd-1744638083/cover-cdrp-3-1-600x-q90.webp 600w, https_/www.troa.fr/media/site/9ff227d9dd-1744638083/cover-cdrp-3-1-1024x-q80.webp 1024w, https_/www/cover-cdrp-3-1-2250x-q9]
[www.troa.fr/media/site/2fb11d731f-1742899785/kirby-cms-logo-600x-q90.webp 600w, https_/www.troa.fr/media/site/2fb11d731f-1742899785/kirby-cms-logo-1024x-q80.webp 1024w, https_/www/kirby-cms-logo-2250x-q9]
[www.troa.fr/media/site/64e7da12e5-1742900150/kirby-cms-troa-2025-600x-q90.webp 600w, https_/www.troa.fr/media/site/64e7da12e5-1742900150/kirby-cms-troa-2025-1024x-q80.webp 1024w, h/kirby-cms-troa-2025-225]
[www.troa.fr/media/site/88581f5bf6-1735901707/kaleo-cover-600x-q90.webp 600w, https_/www.troa.fr/media/site/88581f5bf6-1735901707/kaleo-cover-1024x-q80.webp 1024w, https_/www.troa.f/kaleo-cover-2250x-q90.3]
[www.troa.fr/media/site/2a97045565-1740506368/micro-interactions1-600x-q90.webp 600w, https_/www.troa.fr/media/site/2a97045565-1740506368/micro-interactions1-1024x-q80.webp 1024w, h/micro-interactions1-225]
[www.troa.fr/media/site/ce97876b6a-1740506374/micro-interactions2-600x-q90.webp 600w, https_/www.troa.fr/media/site/ce97876b6a-1740506374/micro-interactions2-1024x-q80.webp 1024w, h/micro-interactions2-225]
[www.troa.fr/media/site/873b2a02f3-1728986892/annual-awwwards2021-big-600x-q80.webp]
[www.troa.fr/media/site/887a07a3f0-1737481593/parcours-client-web-2-600x-q80.webp]
[www.troa.fr/media/site/704db0edbf-1737481601/parcours-client-web-1-600x-q80.webp]
[www.troa.fr/media/site/602959570f-1737480666/parcours-client-web-600x-q80.webp]
[www.troa.fr/media/site/102651fe2a-1737480790/net-promoter-score-600x-q80.webp]
[www.troa.fr/actualites/satisfaction-recommandation-maitriser-parcours-client.html]
[www.troa.fr/media/site/c825e92dfb-1737481716/parcours-client-achat-600x-q90.webp 600w, https/www.troa.fr/media/site/c825e92dfb-1737481716/parcours-client-achat-1024x-q80.webp 1024w/parcours-client-achat-2]
[www.troa.fr/media/site/6e711968e3-1733500756/clara-header-600x-q80.webp]
[www.troa.fr/media/site/9932369c34-1728995737/wttj-600x-q80.webp]
[www.troa.fr/media/site/f94aade0b0-1733500747/clara-wttj-600x-q80.webp]
[www.troa.fr/media/site/4a5c6dc91e-1733497076/clara-chef-projet-1-600x-q80.webp]
[www.troa.fr/media/site/5aa108ec1a-1728997886/clara-troa-big2-600x-q80.webp]
[www.troa.fr/actualites/rencontre-avec-clara-chef-de-projet-web.html]
[www.troa.fr/media/site/a1e41d5ed3-1728997404/clara-troa-cover-600x-q90.webp 600w, https_/www.troa.fr/media/site/a1e41d5ed3-1728997404/clara-troa-cover-1024x-q80.webp 1024w, https_//clara-troa-cover-2250x-]
[www.troa.fr/media/site/5e8f9b3f47-1733497335/clara-chef-projet-2-600x-q80.webp]
[www.troa.fr/media/site/5f02c53b37-1733501111/mathieu-header2-600x-q80.webp]
[www.troa.fr/media/site/f003b58ddc-1733500941/mathieu-wttj-600x-q80.webp]
[www.troa.fr/media/site/7d7e23e217-1733497832/mathieu-dg-1-600x-q80.webp]
[www.troa.fr/actualites/decouvrez-mathieu-co-dirigeant-directeur-technique.html]
[www.troa.fr/media/site/aa0c3234dc-1728996372/mathieu-troa-cover-600x-q90.webp 600w, https_/www.troa.fr/media/site/aa0c3234dc-1728996372/mathieu-troa-cover-1024x-q80.webp 1024w, htt/mathieu-troa-cover-2250]
[www.troa.fr/media/site/7b6984319a-1728997114/mathieu-troa-big2-600x-q80.webp]
[www.troa.fr/media/site/9cb812f4be-1728998829/webgl-full-600x-q80.webp]
[www.troa.fr/media/site/71f5500290-1728999372/3d-api-rendus-webgl-600x-q80.webp]
[www.troa.fr/media/site/6c8f7a84ac-1728999601/librairies-webgl-600x-q80.webp]
[www.troa.fr/media/site/7901dcc6fa-1728999675/rodeo-webgl-big-600x-q80.webp]
[www.troa.fr/media/site/ebea8b95e8-1729000577/3d-render-pipeline-600x-q80.webp]
[www.troa.fr/media/site/a6a68ff8c1-1729000695/unsoundscapes-600x-q80.webp]
[www.troa.fr/actualites/initiation-au-webgl-principes-et-techniques-de-base.html]
[www.troa.fr/media/site/9fa1363f94-1729000832/web-coordinates-600x-q80.webp]
[www.troa.fr/media/site/1a7c64c3bd-1728998692/webgl-cover-600x-q90.webp 600w, https_/www.troa.fr/media/site/1a7c64c3bd-1728998692/webgl-cover-1024x-q80.webp 1024w, https_/www.troa.f/webgl-cover-2250x-q90.3]
[www.troa.fr/media/site/b57f1c376b-1733502359/romain-header-600x-q80.webp]
[www.troa.fr/media/site/08faafee14-1733502368/romain-wttj-600x-q80.webp]
[www.troa.fr/media/site/b0f35f5e24-1733502716/romain-small-2-600x-q80.webp]
[www.troa.fr/actualites/interview-romain-lead-developpeur-front-end.html]
[www.troa.fr/media/site/00796054eb-1728994969/romain-troa-cover-600x-q90.webp 600w, https_/www.troa.fr/media/site/00796054eb-1728994969/romain-troa-cover-1024x-q80.webp 1024w, https/romain-troa-cover-2250x]
[www.troa.fr/media/site/8bdc62c64b-1728996105/romain-troa-big2-600x-q80.webp]
[www.troa.fr/media/site/db68c56ec6-1728400548/google_analytics_full-600x-q80.webp]
[www.troa.fr/media/site/d180c1d602-1728985222/googleanalytics_troa_small-600x-q80.webp]
[www.troa.fr/actualites/metriques-google-analytics.html]
[www.troa.fr/media/site/993a9f610b-1727355316/googleanalytics_troa_cover-600x-q90.webp 600w,/www.troa.fr/media/site/993a9f610b-1727355316/googleanalytics_troa_cover-1024x-q80.webp/googleanalytics_troa_co]
[www.troa.fr/media/site/cc96320a6f-1733498461/metrics-1-600x-q80.webp]
[www.troa.fr/media/site/6a884ba330-1746798092/laboucle-small-600x-q80.webp]
[www.troa.fr/media/site/c108d33af6-1746798099/laboucle-big-600x-q80.webp]
[www.troa.fr/media/site/fb69bc41eb-1746798657/laboucle-troa-600x-q80.webp]
[www.troa.fr/actualites/troa-rejoint-la-boucle-reseau-agences-creation-de-site-web.html]
[www.troa.fr/media/site/ff0c650be5-1746798037/laboucle-cover-600x-q90.webp 600w, https_/www.troa.fr/media/site/ff0c650be5-1746798037/laboucle-cover-1024x-q80.webp 1024w, https_/www/laboucle-cover-2250x-q9]
[www.troa.fr/media/site/f867b50292-1734607909/brice-da-troa2024-600x-q80.webp]
[www.troa.fr/media/site/157b37f3e4-1734607766/brice-da-troa-600x-q80.webp]
[www.troa.fr/media/site/4fc100b981-1734608003/brice-da-troa2024-2-600x-q80.webp]
[www.troa.fr/actualites/brice-associe-directeur-artistique.html]
[www.troa.fr/media/site/7d418f7539-1729001882/brice-troa-big2-600x-q80.webp]
[www.troa.fr/media/site/3ccf9d0e09-1729001903/brice-troa-cover-600x-q90.webp 600w, https_/www.troa.fr/media/site/3ccf9d0e09-1729001903/brice-troa-cover-1024x-q80.webp 1024w, https_//brice-troa-cover-2250x-]
[www.troa.fr/media/site/e5dc6fd6a2-1734541637/design-responsable-full-600x-q90.webp 600w, htt/www.troa.fr/media/site/e5dc6fd6a2-1734541637/design-responsable-full-1024x-q80.webp 102/design-responsable-full]
[www.troa.fr/media/site/36234d3095-1734538662/site-vitrine-troa-3-600x-q90.webp 600w, https_/www.troa.fr/media/site/36234d3095-1734538662/site-vitrine-troa-3-1024x-q80.webp 1024w, h/site-vitrine-troa-3-225]
[www.troa.fr/media/site/a67bf0e970-1728985752/accessibilite-web-big-600x-q90.webp 600w, https/www.troa.fr/media/site/a67bf0e970-1728985752/accessibilite-web-big-1024x-q80.webp 1024w/accessibilite-web-big-2]
[www.troa.fr/media/site/c356cdd1d5-1728985762/accessibilite-web-big2-600x-q90.webp 600w, http/www.troa.fr/media/site/c356cdd1d5-1728985762/accessibilite-web-big2-1024x-q80.webp 1024/accessibilite-web-big2-]
[www.troa.fr/media/pages/realisations/profil-occitanie/e3b4ec9fbc-1717515511/profil-cover-5-min2-600x-q90.webp 600w, https_/www.troa.fr/media/pages/realisations/profil-occitanie/e3b/profil-cover-5-min2-225]
[www.troa.fr/media/site/429d4751b1-1733483869/base-seo-big-600x-q90.webp 600w, https_/www.troa.fr/media/site/429d4751b1-1733483869/base-seo-big-1024x-q80.webp 1024w, https_/www.troa/base-seo-big-2250x-q90]
[www.troa.fr/media/site/c653809a3d-1733495620/seo-tenor-1-600x-q90.webp 600w, https_/www.troa.fr/media/site/c653809a3d-1733495620/seo-tenor-1-1024x-q80.webp 1024w, https_/www.troa.f/seo-tenor-1-2250x-q90.3]
[www.troa.fr/media/site/a9aa26d279-1733496153/base-seo-small2-600x-q90.webp 600w, https_/www.troa.fr/media/site/a9aa26d279-1733496153/base-seo-small2-1024x-q80.webp 1024w, https_/ww/base-seo-small2-2250x-q]
[www.troa.fr/media/site/16633948ce-1733496440/base-seo-small3-600x-q90.webp 600w, https_/www.troa.fr/media/site/16633948ce-1733496440/base-seo-small3-1024x-q80.webp 1024w, https_/ww/base-seo-small3-2250x-q]
[www.troa.fr/media/site/873b2a02f3-1728986892/annual-awwwards2021-big-600x-q90.webp 600w, htt/www.troa.fr/media/site/873b2a02f3-1728986892/annual-awwwards2021-big-1024x-q80.webp 102/annual-awwwards2021-big]
[www.troa.fr/media/site/887a07a3f0-1737481593/parcours-client-web-2-600x-q90.webp 600w, https/www.troa.fr/media/site/887a07a3f0-1737481593/parcours-client-web-2-1024x-q80.webp 1024w/parcours-client-web-2-2]
[www.troa.fr/media/site/704db0edbf-1737481601/parcours-client-web-1-600x-q90.webp 600w, https/www.troa.fr/media/site/704db0edbf-1737481601/parcours-client-web-1-1024x-q80.webp 1024w/parcours-client-web-1-2]
[www.troa.fr/media/site/602959570f-1737480666/parcours-client-web-600x-q90.webp 600w, https_/www.troa.fr/media/site/602959570f-1737480666/parcours-client-web-1024x-q80.webp 1024w, h/parcours-client-web-225]
[www.troa.fr/media/site/102651fe2a-1737480790/net-promoter-score-600x-q90.webp 600w, https_/www.troa.fr/media/site/102651fe2a-1737480790/net-promoter-score-1024x-q80.webp 1024w, htt/net-promoter-score-2250]
[www.troa.fr/media/site/6e711968e3-1733500756/clara-header-600x-q90.webp 600w, https_/www.troa.fr/media/site/6e711968e3-1733500756/clara-header-1024x-q80.webp 1024w, https_/www.troa/clara-header-2250x-q90]
[www.troa.fr/media/site/9932369c34-1728995737/wttj-600x-q90.webp 600w, https_/www.troa.fr/media/site/9932369c34-1728995737/wttj-1024x-q80.webp 1024w, https_/www.troa.fr/media/site/9/wttj-2250x-q90.412.dela]
[www.troa.fr/media/site/f94aade0b0-1733500747/clara-wttj-600x-q90.webp 600w, https_/www.troa.fr/media/site/f94aade0b0-1733500747/clara-wttj-1024x-q80.webp 1024w, https_/www.troa.fr//clara-wttj-2250x-q90.41]
[www.troa.fr/media/site/4a5c6dc91e-1733497076/clara-chef-projet-1-600x-q90.webp 600w, https_/www.troa.fr/media/site/4a5c6dc91e-1733497076/clara-chef-projet-1-1024x-q80.webp 1024w, h/clara-chef-projet-1-225]
[www.troa.fr/media/site/5aa108ec1a-1728997886/clara-troa-big2-600x-q90.webp 600w, https_/www.troa.fr/media/site/5aa108ec1a-1728997886/clara-troa-big2-1024x-q80.webp 1024w, https_/ww/clara-troa-big2-2250x-q]
[www.troa.fr/media/site/5e8f9b3f47-1733497335/clara-chef-projet-2-600x-q90.webp 600w, https_/www.troa.fr/media/site/5e8f9b3f47-1733497335/clara-chef-projet-2-1024x-q80.webp 1024w, h/clara-chef-projet-2-225]
[www.troa.fr/media/site/5f02c53b37-1733501111/mathieu-header2-600x-q90.webp 600w, https_/www.troa.fr/media/site/5f02c53b37-1733501111/mathieu-header2-1024x-q80.webp 1024w, https_/ww/mathieu-header2-2250x-q]
[www.troa.fr/media/site/f003b58ddc-1733500941/mathieu-wttj-600x-q90.webp 600w, https_/www.troa.fr/media/site/f003b58ddc-1733500941/mathieu-wttj-1024x-q80.webp 1024w, https_/www.troa/mathieu-wttj-2250x-q90]
[www.troa.fr/media/site/7d7e23e217-1733497832/mathieu-dg-1-600x-q90.webp 600w, https_/www.troa.fr/media/site/7d7e23e217-1733497832/mathieu-dg-1-1024x-q80.webp 1024w, https_/www.troa/mathieu-dg-1-2250x-q90]
[www.troa.fr/media/site/7b6984319a-1728997114/mathieu-troa-big2-600x-q90.webp 600w, https_/www.troa.fr/media/site/7b6984319a-1728997114/mathieu-troa-big2-1024x-q80.webp 1024w, https/mathieu-troa-big2-2250x]
[www.troa.fr/media/site/9cb812f4be-1728998829/webgl-full-600x-q90.webp 600w, https_/www.troa.fr/media/site/9cb812f4be-1728998829/webgl-full-1024x-q80.webp 1024w, https_/www.troa.fr//webgl-full-2250x-q90.42]
[www.troa.fr/media/site/71f5500290-1728999372/3d-api-rendus-webgl-600x-q90.webp 600w, https_/www.troa.fr/media/site/71f5500290-1728999372/3d-api-rendus-webgl-1024x-q80.webp 1024w, h/3d-api-rendus-webgl-225]
[www.troa.fr/media/site/6c8f7a84ac-1728999601/librairies-webgl-600x-q90.webp 600w, https_/www.troa.fr/media/site/6c8f7a84ac-1728999601/librairies-webgl-1024x-q80.webp 1024w, https_//librairies-webgl-2250x-]
[www.troa.fr/media/site/7901dcc6fa-1728999675/rodeo-webgl-big-600x-q90.webp 600w, https_/www.troa.fr/media/site/7901dcc6fa-1728999675/rodeo-webgl-big-1024x-q80.webp 1024w, https_/ww/rodeo-webgl-big-2250x-q]
[www.troa.fr/media/site/ebea8b95e8-1729000577/3d-render-pipeline-600x-q90.webp 600w, https_/www.troa.fr/media/site/ebea8b95e8-1729000577/3d-render-pipeline-1024x-q80.webp 1024w, htt/3d-render-pipeline-2250]
[www.troa.fr/media/site/a6a68ff8c1-1729000695/unsoundscapes-600x-q90.webp 600w, https_/www.troa.fr/media/site/a6a68ff8c1-1729000695/unsoundscapes-1024x-q80.webp 1024w, https_/www.tr/unsoundscapes-2250x-q90]
[www.troa.fr/media/site/9fa1363f94-1729000832/web-coordinates-600x-q90.webp 600w, https_/www.troa.fr/media/site/9fa1363f94-1729000832/web-coordinates-1024x-q80.webp 1024w, https_/ww/web-coordinates-2250x-q]
[www.troa.fr/media/site/b57f1c376b-1733502359/romain-header-600x-q90.webp 600w, https_/www.troa.fr/media/site/b57f1c376b-1733502359/romain-header-1024x-q80.webp 1024w, https_/www.tr/romain-header-2250x-q90]
[www.troa.fr/media/site/08faafee14-1733502368/romain-wttj-600x-q90.webp 600w, https_/www.troa.fr/media/site/08faafee14-1733502368/romain-wttj-1024x-q80.webp 1024w, https_/www.troa.f/romain-wttj-2250x-q90.4]
[www.troa.fr/media/site/b0f35f5e24-1733502716/romain-small-2-600x-q90.webp 600w, https_/www.troa.fr/media/site/b0f35f5e24-1733502716/romain-small-2-1024x-q80.webp 1024w, https_/www/romain-small-2-2250x-q9]
[www.troa.fr/media/site/8bdc62c64b-1728996105/romain-troa-big2-600x-q90.webp 600w, https_/www.troa.fr/media/site/8bdc62c64b-1728996105/romain-troa-big2-1024x-q80.webp 1024w, https_//romain-troa-big2-2250x-]
[www.troa.fr/media/site/db68c56ec6-1728400548/google_analytics_full-600x-q90.webp 600w, https/www.troa.fr/media/site/db68c56ec6-1728400548/google_analytics_full-1024x-q80.webp 1024w/google_analytics_full-2]
[www.troa.fr/media/site/d180c1d602-1728985222/googleanalytics_troa_small-600x-q90.webp 600w,/www.troa.fr/media/site/d180c1d602-1728985222/googleanalytics_troa_small-1024x-q80.webp/googleanalytics_troa_sm]
[www.troa.fr/media/site/cc96320a6f-1733498461/metrics-1-600x-q90.webp 600w, https_/www.troa.fr/media/site/cc96320a6f-1733498461/metrics-1-1024x-q80.webp 1024w, https_/www.troa.fr/me/metrics-1-2250x-q90.43e]
[www.troa.fr/media/site/6a884ba330-1746798092/laboucle-small-600x-q90.webp 600w, https_/www.troa.fr/media/site/6a884ba330-1746798092/laboucle-small-1024x-q80.webp 1024w, https_/www/laboucle-small-2250x-q9]
[www.troa.fr/media/site/c108d33af6-1746798099/laboucle-big-600x-q90.webp 600w, https_/www.troa.fr/media/site/c108d33af6-1746798099/laboucle-big-1024x-q80.webp 1024w, https_/www.troa/laboucle-big-2250x-q90]
[www.troa.fr/media/site/fb69bc41eb-1746798657/laboucle-troa-600x-q90.webp 600w, https_/www.troa.fr/media/site/fb69bc41eb-1746798657/laboucle-troa-1024x-q80.webp 1024w, https_/www.tr/laboucle-troa-2250x-q90]
[www.troa.fr/media/site/f867b50292-1734607909/brice-da-troa2024-600x-q90.webp 600w, https_/www.troa.fr/media/site/f867b50292-1734607909/brice-da-troa2024-1024x-q80.webp 1024w, https/brice-da-troa2024-2250x]
[www.troa.fr/media/site/157b37f3e4-1734607766/brice-da-troa-600x-q90.webp 600w, https_/www.troa.fr/media/site/157b37f3e4-1734607766/brice-da-troa-1024x-q80.webp 1024w, https_/www.tr/brice-da-troa-2250x-q90]
[www.troa.fr/media/site/4fc100b981-1734608003/brice-da-troa2024-2-600x-q90.webp 600w, https_/www.troa.fr/media/site/4fc100b981-1734608003/brice-da-troa2024-2-1024x-q80.webp 1024w, h/brice-da-troa2024-2-225]
[www.troa.fr/media/site/7d418f7539-1729001882/brice-troa-big2-600x-q90.webp 600w, https_/www.troa.fr/media/site/7d418f7539-1729001882/brice-troa-big2-1024x-q80.webp 1024w, https_/ww/brice-troa-big2-2250x-q]
[www.troa.fr/assets/favicon/safari-pinned-tab.svg]
[www.troa.fr/assets/site.DiuvROF8.css]
[www.troa.fr/media/site/526ef6e229-1766138478/awwwards-cover-600x-q90.webp 600w, https_/www.troa.fr/media/site/526ef6e229-1766138478/awwwards-cover-1024x-q80.webp 1024w, https_/www/awwwards-cover-2250x-q9]
[www.troa.fr/media/site/2503844675-1727275782/troa_home_bs_519a1601.jpg]
[www.troa.fr/media/site/526e68f475-1761743136/ineo-sense-cover2-600x-q90.webp 600w, https_/www.troa.fr/media/site/526e68f475-1761743136/ineo-sense-cover2-1024x-q80.webp 1024w, https/ineo-sense-cover2-2250x]
[www.troa.fr/media/site/329954c4a2-1717957589/tfc-troa-cover-600x-q90.webp 600w, https_/www.troa.fr/media/site/329954c4a2-1717957589/tfc-troa-cover-1024x-q80.webp 1024w, https_/www/tfc-troa-cover-2250x-q9]
[www.troa.fr/media/site/060c302ed7-1734690138/stade-toulousain-troa-600x-q90.webp 600w, https/www.troa.fr/media/site/060c302ed7-1734690138/stade-toulousain-troa-1024x-q80.webp 1024w/stade-toulousain-troa-2]
[www.troa.fr/media/site/48c56ae2ef-1761727240/marrons-imbert-cover2-600x-q90.webp 600w, https/www.troa.fr/media/site/48c56ae2ef-1761727240/marrons-imbert-cover2-1024x-q80.webp 1024w/marrons-imbert-cover2-2]
[www.troa.fr/media/site/36e58b93d3-1718027897/rodeo-cover-600x-q90.webp 600w, https_/www.troa.fr/media/site/36e58b93d3-1718027897/rodeo-cover-1024x-q80.webp 1024w, https_/www.troa.f/rodeo-cover-2250x-q90.2]
[www.troa.fr/media/site/9113cfd50a-1718021576/lipton-cover2-600x-q90.webp 600w, https_/www.troa.fr/media/site/9113cfd50a-1718021576/lipton-cover2-1024x-q80.webp 1024w, https_/www.tr/lipton-cover2-2250x-q90]
[www.troa.fr/media/site/a2db0ef58f-1718003306/awwwards-troa-600x-q90.webp 600w, https_/www.troa.fr/media/site/a2db0ef58f-1718003306/awwwards-troa-1024x-q80.webp 1024w, https_/www.tr/awwwards-troa-2250x-q90]
[www.troa.fr/media/site/69a24be5d8-1718003291/fwa-troa-600x-q90.webp 600w, https_/www.troa.fr/media/site/69a24be5d8-1718003291/fwa-troa-1024x-q80.webp 1024w, https_/www.troa.fr/medi/fwa-troa-2250x-q90.2f.d]
[www.troa.fr/media/site/02d33775f6-1718003315/cssda-troa-600x-q90.webp 600w, https_/www.troa.fr/media/site/02d33775f6-1718003315/cssda-troa-1024x-q80.webp 1024w, https_/www.troa.fr//cssda-troa-2250x-q90.31]
[www.troa.fr/media/site/7d943dde73-1734106697/grand-prix-strategies-troa-600x-q90.webp 600w,/www.troa.fr/media/site/7d943dde73-1734106697/grand-prix-strategies-troa-1024x-q80.webp/grand-prix-strategies-t]
[www.troa.fr/media/site/4c874794a5-1718033302/club-des-da-troa-600x-q90.webp 600w, https_/www.troa.fr/media/site/4c874794a5-1718033302/club-des-da-troa-1024x-q80.webp 1024w, https_//club-des-da-troa-2250x-]
[www.troa.fr/media/site/632477309b-1734106688/trophees-communication-troa-600x-q90.webp 600w,/www.troa.fr/media/site/632477309b-1734106688/trophees-communication-troa-1024x-q80.webp/trophees-communication-]
[www.troa.fr/media/site/09ee663c98-1736442841/troa_home_bs_519a1439-sd-600x-q90.webp 600w, ht/www.troa.fr/media/site/09ee663c98-1736442841/troa_home_bs_519a1439-sd-1024x-q80.webp 10/troa_home_bs_519a1439-s]
[www.troa.fr/media/site/f84b03bea4-1727276761/troa_home_bs_519a1618-600x-q90.webp 600w, https/www.troa.fr/media/site/f84b03bea4-1727276761/troa_home_bs_519a1618-1024x-q80.webp 1024w/troa_home_bs_519a1618-2]
[www.troa.fr/media/site/c0d32fd70b-1736442757/troa_home_bs_519a1514-sd-600x-q90.webp 600w, ht/www.troa.fr/media/site/c0d32fd70b-1736442757/troa_home_bs_519a1514-sd-1024x-q80.webp 10/troa_home_bs_519a1514-s]
[www.troa.fr/media/site/1ea6b8c890-1777281905/design-system-troa-600x-q90.webp 600w, https_/www.troa.fr/media/site/1ea6b8c890-1777281905/design-system-troa-1024x-q80.webp 1024w, htt/design-system-troa-2250]
[www.troa.fr/media/site/2165e2ddc5-1773909036/troa_kirby-worpdress-600x-q90.webp 600w, https_/www.troa.fr/media/site/2165e2ddc5-1773909036/troa_kirby-worpdress-1024x-q80.webp 1024w,/troa_kirby-worpdress-22]
[www.troa.fr/media/site/e7ae3c4c18-1751608386/cover-article-eco-600x-q90.webp 600w, https_/www.troa.fr/media/site/e7ae3c4c18-1751608386/cover-article-eco-1024x-q80.webp 1024w, https/cover-article-eco-2250x]
[www.troa.fr/realisations/agence-foudre.html]
[www.troa.fr/media/site/ee8bae6585-1770743920/foudre-cover-600x-q90.webp 600w, https_/www.troa.fr/media/site/ee8bae6585-1770743920/foudre-cover-1024x-q80.webp 1024w, https_/www.troa/foudre-cover-2250x-q90]
[www.troa.fr/media/site/3d202d04cc-1734690021/aquatique-show-troa-600x-q90.webp 600w, https_/www.troa.fr/media/site/3d202d04cc-1734690021/aquatique-show-troa-1024x-q80.webp 1024w, h/aquatique-show-troa-225]
[www.troa.fr/media/site/17e61f6eb4-1718027424/pst-cover-600x-q90.webp 600w, https_/www.troa.fr/media/site/17e61f6eb4-1718027424/pst-cover-1024x-q80.webp 1024w, https_/www.troa.fr/me/pst-cover-2250x-q90.58]
[www.troa.fr/media/site/b284a182ca-1734681673/cover-600x-q90.webp 600w, https_/www.troa.fr/media/site/b284a182ca-1734681673/cover-1024x-q80.webp 1024w, https_/www.troa.fr/media/site/cover-2250x-q90.5b.dela]
[www.troa.fr/media/site/1fbc5488fb-1735830189/phamily_image-0-600x-q90.webp 600w, https_/www.troa.fr/media/site/1fbc5488fb-1735830189/phamily_image-0-1024x-q80.webp 1024w, https_/ww/phamily_image-0-2250x-q]
[www.troa.fr/media/site/5cee5fba23-1728997403/mfk540-cover2-600x-q90.webp 600w, https_/www.troa.fr/media/site/5cee5fba23-1728997403/mfk540-cover2-1024x-q80.webp 1024w, https_/www.tr/mfk540-cover2-2250x-q90]
[www.troa.fr/media/site/3c5cf60ef8-1734901429/vc24-frame-249-600x-q90.webp 600w, https_/www.troa.fr/media/site/3c5cf60ef8-1734901429/vc24-frame-249-1024x-q80.webp 1024w, https_/www/vc24-frame-249-2250x-q9]
[www.troa.fr/media/site/2a546d4f02-1729006555/impulsion-cover-600x-q90.webp 600w, https_/www.troa.fr/media/site/2a546d4f02-1729006555/impulsion-cover-1024x-q80.webp 1024w, https_/ww/impulsion-cover-2250x-q]
[www.troa.fr/media/site/2695c50eed-1729000642/st-bout-cover-600x-q90.webp 600w, https_/www.troa.fr/media/site/2695c50eed-1729000642/st-bout-cover-1024x-q80.webp 1024w, https_/www.tr/st-bout-cover-2250x-q90]
[www.troa.fr/media/site/e62e1a8ab3-1729006092/studio_16-600x-q90.webp 600w, https_/www.troa.fr/media/site/e62e1a8ab3-1729006092/studio_16-1024x-q80.webp 1024w, https_/www.troa.fr/me/studio_16-2250x-q90.6b]
[www.troa.fr/media/site/a36f9d52a2-1766138148/chd-video-1.png]
[www.troa.fr/media/site/09057b0a19-1734690212/baillardran-troa-600x-q90.webp 600w, https_/www.troa.fr/media/site/09057b0a19-1734690212/baillardran-troa-1024x-q80.webp 1024w, https_//baillardran-troa-2250x-]
[www.troa.fr/media/site/1a7cace6a9-1736241027/vjtype-600x-q90.webp 600w, https_/www.troa.fr/media/site/1a7cace6a9-1736241027/vjtype-1024x-q80.webp 1024w, https_/www.troa.fr/media/si/vjtype-2250x-q90.6f.del]
[www.troa.fr/media/site/4d9878c210-1734690453/grotte-demoiselles-troa-600x-q90.webp 600w, htt/www.troa.fr/media/site/4d9878c210-1734690453/grotte-demoiselles-troa-1024x-q80.webp 102/grotte-demoiselles-troa]
[www.troa.fr/media/site/b7d147fe5b-1761744831/ineo-sense-video3-cover.png]
[www.troa.fr/media/site/8d72cde13f-1734019813/expertises-troa-1-600x-q90.webp 600w, https_/www.troa.fr/media/site/8d72cde13f-1734019813/expertises-troa-1-1024x-q80.webp 1024w, https/expertises-troa-1-2250x]
[www.troa.fr/media/site/740a5b3b3c-1734020185/expertises-troa-3-600x-q90.webp 600w, https_/www.troa.fr/media/site/740a5b3b3c-1734020185/expertises-troa-3-1024x-q80.webp 1024w, https/expertises-troa-3-2250x]
[www.troa.fr/media/site/21b2f51e66-1727358258/troa_expertises_bs_519a1539-600x-q90.webp 600w,/www.troa.fr/media/site/21b2f51e66-1727358258/troa_expertises_bs_519a1539-1024x-q80.webp/troa_expertises_bs_519a]
[www.troa.fr/media/site/8341ec795f-1734019837/creation-troa-600x-q90.webp 600w, https_/www.troa.fr/media/site/8341ec795f-1734019837/creation-troa-1024x-q80.webp 1024w, https_/www.tr/creation-troa-2250x-q90]
[www.troa.fr/media/site/3bb1254672-1734019848/production-troa-600x-q90.webp 600w, https_/www.troa.fr/media/site/3bb1254672-1734019848/production-troa-1024x-q80.webp 1024w, https_/ww/production-troa-2250x-q]
[www.troa.fr/media/site/6c69068b7e-1734019861/conseil-troa-2-600x-q90.webp 600w, https_/www.troa.fr/media/site/6c69068b7e-1734019861/conseil-troa-2-1024x-q80.webp 1024w, https_/www/conseil-troa-2-2250x-q9]
[www.troa.fr/media/site/84614ddb7a-1727358073/troa_da_cover-expertise-600x-q90.webp 600w, htt/www.troa.fr/media/site/84614ddb7a-1727358073/troa_da_cover-expertise-1024x-q80.webp 102/troa_da_cover-expertise]
[www.troa.fr/media/site/edbe79aced-1761743491/ineo-sense-product-page-cover.png]
[www.troa.fr/media/site/d4476fb96d-1727358315/troa_site_cover-expertise-600x-q90.webp 600w, h/www.troa.fr/media/site/d4476fb96d-1727358315/troa_site_cover-expertise-1024x-q80.webp 1/troa_site_cover-experti]
[www.troa.fr/media/site/a57ef3ff9b-1727358297/troa_eshop_cover-expertise-600x-q90.webp 600w,/www.troa.fr/media/site/a57ef3ff9b-1727358297/troa_eshop_cover-expertise-1024x-q80.webp/troa_eshop_cover-expert]
[www.troa.fr/media/site/8d6bf05bb4-1727358279/troa_crm_cover-expertise-600x-q90.webp 600w, ht/www.troa.fr/media/site/8d6bf05bb4-1727358279/troa_crm_cover-expertise-1024x-q80.webp 10/troa_crm_cover-expertis]
[www.troa.fr/media/site/44f97ea32d-1734537784/seo-webmarketing-600x-q90.webp 600w, https_/www.troa.fr/media/site/44f97ea32d-1734537784/seo-webmarketing-1024x-q80.webp 1024w, https_//seo-webmarketing-2250x-]
[www.troa.fr/media/site/d24d4b29ab-1727358102/troa_heb_cover-expertise-600x-q90.webp 600w, ht/www.troa.fr/media/site/d24d4b29ab-1727358102/troa_heb_cover-expertise-1024x-q80.webp 10/troa_heb_cover-expertis]
[www.troa.fr/media/site/3cb339d272-1727358719/troa_agence_bs_519a1772-600x-q90.webp 600w, htt/www.troa.fr/media/site/3cb339d272-1727358719/troa_agence_bs_519a1772-1024x-q80.webp 102/troa_agence_bs_519a1772]
[www.troa.fr/media/site/9ee44359cd-1727359142/troa_agence_bs_519a1484-600x-q90.webp 600w, htt/www.troa.fr/media/site/9ee44359cd-1727359142/troa_agence_bs_519a1484-1024x-q80.webp 102/troa_agence_bs_519a1484]
[www.troa.fr/media/site/2503844675-1727275782/troa_home_bs_519a1601-600x-q90.webp 600w, https/www.troa.fr/media/site/2503844675-1727275782/troa_home_bs_519a1601-1024x-q80.webp 1024w/troa_home_bs_519a1601-2]
[www.troa.fr/media/site/4278660a61-1734023982/troa-agence-4-600x-q90.webp 600w, https_/www.troa.fr/media/site/4278660a61-1734023982/troa-agence-4-1024x-q80.webp 1024w, https_/www.tr/troa-agence-4-2250x-q90]
[www.troa.fr/media/site/64cee6b1b3-1766137120/chd-cover.png]
[www.troa.fr/media/site/d12b5021b8-1727360476/troa_team_antoine-600x-q90.webp 600w, https_/www.troa.fr/media/site/d12b5021b8-1727360476/troa_team_antoine-1024x-q80.webp 1024w, https/troa_team_antoine-2250x]
[www.troa.fr/media/site/329954c4a2-1717957589/tfc-troa-cover.jpg]
[www.troa.fr/media/site/1f68fb9021-1727360445/troa_team_brice-600x-q90.webp 600w, https_/www.troa.fr/media/site/1f68fb9021-1727360445/troa_team_brice-1024x-q80.webp 1024w, https_/ww/troa_team_brice-2250x-q]
[www.troa.fr/media/site/c1ba5c867b-1727768182/troa_team_clara-600x-q90.webp 600w, https_/www.troa.fr/media/site/c1ba5c867b-1727768182/troa_team_clara-1024x-q80.webp 1024w, https_/ww/troa_team_clara-2250x-q]
[www.troa.fr/media/site/9be727299e-1727360455/troa_team_julien-600x-q90.webp 600w, https_/www.troa.fr/media/site/9be727299e-1727360455/troa_team_julien-1024x-q80.webp 1024w, https_//troa_team_julien-2250x-]
[www.troa.fr/media/site/7943cadafb-1727360506/troa_team_leo-600x-q90.webp 600w, https_/www.troa.fr/media/site/7943cadafb-1727360506/troa_team_leo-1024x-q80.webp 1024w, https_/www.tr/troa_team_leo-2250x-q90]
[www.troa.fr/media/site/897dd7655c-1727360526/troa_team_romain-600x-q90.webp 600w, https_/www.troa.fr/media/site/897dd7655c-1727360526/troa_team_romain-1024x-q80.webp 1024w, https_//troa_team_romain-2250x-]
[www.troa.fr/media/site/ddcccc0082-1734819613/tfc-600x-q90.webp 600w, https_/www.troa.fr/media/site/ddcccc0082-1734819613/tfc-1024x-q80.webp 1024w, https_/www.troa.fr/media/site/ddc/tfc-2250x-q90.a7.delaye]
[www.troa.fr/media/site/570ca03b1c-1734620534/heroines-600x-q90.webp 600w, https_/www.troa.fr/media/site/570ca03b1c-1734620534/heroines-1024x-q80.webp 1024w, https_/www.troa.fr/medi/heroines-2250x-q90.a9.d]
[www.troa.fr/media/site/526e68f475-1761743136/ineo-sense-cover2.png]
[www.troa.fr/media/site/970427b341-1744703672/amel-roudjia-600x-q90.webp 600w, https_/www.troa.fr/media/site/970427b341-1744703672/amel-roudjia-1024x-q80.webp 1024w, https_/www.troa/amel-roudjia-2250x-q90]
[www.troa.fr/media/site/ed0be9e662-1744703681/cmobilier-600x-q90.webp 600w, https_/www.troa.fr/media/site/ed0be9e662-1744703681/cmobilier-1024x-q80.webp 1024w, https_/www.troa.fr/me/cmobilier-2250x-q90.ad]
[www.troa.fr/media/site/113be49217-1734620568/laguinguettedesamoureux-600x-q90.webp 600w, htt/www.troa.fr/media/site/113be49217-1734620568/laguinguettedesamoureux-1024x-q80.webp 102/laguinguettedesamoureux]
[www.troa.fr/media/site/42ba0a9381-1734620361/azzaro-600x-q90.webp 600w, https_/www.troa.fr/media/site/42ba0a9381-1734620361/azzaro-1024x-q80.webp 1024w, https_/www.troa.fr/media/si/azzaro-2250x-q90.b1.del]
[www.troa.fr/media/site/79bfce443e-1744703707/orpi-600x-q90.webp 600w, https_/www.troa.fr/media/site/79bfce443e-1744703707/orpi-1024x-q80.webp 1024w, https_/www.troa.fr/media/site/7/orpi-2250x-q90.b3.delay]
[www.troa.fr/media/site/060c302ed7-1734690138/stade-toulousain-troa.jpg]
[www.troa.fr/media/site/108c1e05c7-1744704260/stade-toulousain-600x-q90.webp 600w, https_/www.troa.fr/media/site/108c1e05c7-1744704260/stade-toulousain-1024x-q80.webp 1024w, https_//stade-toulousain-2250x-]
[www.troa.fr/media/site/75a1ffd3a4-1736767108/etap-igexao-600x-q90.webp 600w, https_/www.troa.fr/media/site/75a1ffd3a4-1736767108/etap-igexao-1024x-q80.webp 1024w, https_/www.troa.f/etap-igexao-2250x-q90.b]
[www.troa.fr/media/site/799e8f7beb-1734620553/icem-600x-q90.webp 600w, https_/www.troa.fr/media/site/799e8f7beb-1734620553/icem-1024x-q80.webp 1024w, https_/www.troa.fr/media/site/7/icem-2250x-q90.b9.delay]
[www.troa.fr/media/site/9e3f84ad42-1736767039/patrowl-600x-q90.webp 600w, https_/www.troa.fr/media/site/9e3f84ad42-1736767039/patrowl-1024x-q80.webp 1024w, https_/www.troa.fr/media//patrowl-2250x-q90.bb.de]
[www.troa.fr/media/site/40025caf50-1736767052/titan-600x-q90.webp 600w, https_/www.troa.fr/media/site/40025caf50-1736767052/titan-1024x-q80.webp 1024w, https_/www.troa.fr/media/site/titan-2250x-q90.bd.dela]
[www.troa.fr/media/site/9b9ad6444c-1736971391/rodeo-post1.jpg]
[www.troa.fr/media/site/60dc41e756-1736767176/profil-600x-q90.webp 600w, https_/www.troa.fr/media/site/60dc41e756-1736767176/profil-1024x-q80.webp 1024w, https_/www.troa.fr/media/si/profil-2250x-q90.bf.del]
[www.troa.fr/media/site/ae8a529f8a-1736767132/edmond-rotschild-600x-q90.webp 600w, https_/www.troa.fr/media/site/ae8a529f8a-1736767132/edmond-rotschild-1024x-q80.webp 1024w, https_//edmond-rotschild-2250x-]
[www.troa.fr/media/site/618425e231-1734620885/vestiaire-collective-600x-q90.webp 600w, https_/www.troa.fr/media/site/618425e231-1734620885/vestiaire-collective-1024x-q80.webp 1024w,/vestiaire-collective-22]
[www.troa.fr/media/site/c21ab3431c-1734620731/rauzan-segla-600x-q90.webp 600w, https_/www.troa.fr/media/site/c21ab3431c-1734620731/rauzan-segla-1024x-q80.webp 1024w, https_/www.troa/rauzan-segla-2250x-q90]
[www.troa.fr/media/site/e37d92e72e-1736767208/ecv-600x-q90.webp 600w, https_/www.troa.fr/media/site/e37d92e72e-1736767208/ecv-1024x-q80.webp 1024w, https_/www.troa.fr/media/site/e37/ecv-2250x-q90.c7.delaye]
[www.troa.fr/media/site/82d5a9fe92-1736767095/genvia-600x-q90.webp 600w, https_/www.troa.fr/media/site/82d5a9fe92-1736767095/genvia-1024x-q80.webp 1024w, https_/www.troa.fr/media/si/genvia-2250x-q90.c9.del]
[www.troa.fr/media/site/8488e7759a-1745834188/binabaite-600x-q90.webp 600w, https_/www.troa.fr/media/site/8488e7759a-1745834188/binabaite-1024x-q80.webp 1024w, https_/www.troa.fr/me/binabaite-2250x-q90.cb]
[www.troa.fr/media/site/deeb3fd1e3-1734620574/lepetitberet-600x-q90.webp 600w, https_/www.troa.fr/media/site/deeb3fd1e3-1734620574/lepetitberet-1024x-q80.webp 1024w, https_/www.troa/lepetitberet-2250x-q90]
[www.troa.fr/media/site/ccc065174e-1736767166/edacs-600x-q90.webp 600w, https_/www.troa.fr/media/site/ccc065174e-1736767166/edacs-1024x-q80.webp 1024w, https_/www.troa.fr/media/site/edacs-2250x-q90.cf.dela]
[www.troa.fr/media/site/460e13a5a6-1727437080/envol-600x-q90.webp 600w, https_/www.troa.fr/media/site/460e13a5a6-1727437080/envol-1024x-q80.webp 1024w, https_/www.troa.fr/media/site/envol-2250x-q90.d1.dela]
[www.troa.fr/media/site/bea49ef2f4-1736767218/eartsup-600x-q90.webp 600w, https_/www.troa.fr/media/site/bea49ef2f4-1736767218/eartsup-1024x-q80.webp 1024w, https_/www.troa.fr/media//eartsup-2250x-q90.d3.de]
[www.troa.fr/media/site/36e58b93d3-1718027897/rodeo-cover.jpg]
[www.troa.fr/media/site/b503e45d58-1734620660/mts-600x-q90.webp 600w, https_/www.troa.fr/media/site/b503e45d58-1734620660/mts-1024x-q80.webp 1024w, https_/www.troa.fr/media/site/b50/mts-2250x-q90.d5.delaye]
[www.troa.fr/media/site/9113cfd50a-1718021576/lipton-cover2.jpg]
[www.troa.fr/media/site/4fb7f71965-1736767062/resital-600x-q90.webp 600w, https_/www.troa.fr/media/site/4fb7f71965-1736767062/resital-1024x-q80.webp 1024w, https_/www.troa.fr/media//resital-2250x-q90.d7.de]
[www.troa.fr/media/site/c76e6639ff-1734620745/saaj-600x-q90.webp 600w, https_/www.troa.fr/media/site/c76e6639ff-1734620745/saaj-1024x-q80.webp 1024w, https_/www.troa.fr/media/site/c/saaj-2250x-q90.d9.delay]
[www.troa.fr/media/site/dc4b1aae57-1736767198/glce-600x-q90.webp 600w, https_/www.troa.fr/media/site/dc4b1aae57-1736767198/glce-1024x-q80.webp 1024w, https_/www.troa.fr/media/site/d/glce-2250x-q90.db.delay]
[www.troa.fr/media/site/da6b3c1042-1744703726/volum-600x-q90.webp 600w, https_/www.troa.fr/media/site/da6b3c1042-1744703726/volum-1024x-q80.webp 1024w, https_/www.troa.fr/media/site/volum-2250x-q90.dd.dela]
[www.troa.fr/media/site/405cc9b964-1734620795/sakata-600x-q90.webp 600w, https_/www.troa.fr/media/site/405cc9b964-1734620795/sakata-1024x-q80.webp 1024w, https_/www.troa.fr/media/si/sakata-2250x-q90.df.del]
[www.troa.fr/media/site/52b09c5eef-1734620561/kulte-600x-q90.webp 600w, https_/www.troa.fr/media/site/52b09c5eef-1734620561/kulte-1024x-q80.webp 1024w, https_/www.troa.fr/media/site/kulte-2250x-q90.e1.dela]
[www.troa.fr/media/site/50b07c326e-1734620580/lift-type-600x-q90.webp 600w, https_/www.troa.fr/media/site/50b07c326e-1734620580/lift-type-1024x-q80.webp 1024w, https_/www.troa.fr/me/lift-type-2250x-q90.e3]
[www.troa.fr/media/site/32cbd6cc62-1734620699/paco-rabanne-600x-q90.webp 600w, https_/www.troa.fr/media/site/32cbd6cc62-1734620699/paco-rabanne-1024x-q80.webp 1024w, https_/www.troa/paco-rabanne-2250x-q90]
[www.troa.fr/media/site/db49749746-1734620687/orthosud-600x-q90.webp 600w, https_/www.troa.fr/media/site/db49749746-1734620687/orthosud-1024x-q80.webp 1024w, https_/www.troa.fr/medi/orthosud-2250x-q90.e7.d]
[www.troa.fr/media/site/01205b7f13-1734620386/chanel-600x-q90.webp 600w, https_/www.troa.fr/media/site/01205b7f13-1734620386/chanel-1024x-q80.webp 1024w, https_/www.troa.fr/media/si/chanel-2250x-q90.e9.del]
[www.troa.fr/media/site/ff30b71738-1734620855/tourresanchis-600x-q90.webp 600w, https_/www.troa.fr/media/site/ff30b71738-1734620855/tourresanchis-1024x-q80.webp 1024w, https_/www.tr/tourresanchis-2250x-q90]
[www.troa.fr/media/site/70190f46c6-1727437436/alliance-audition-600x-q90.webp 600w, https_/www.troa.fr/media/site/70190f46c6-1727437436/alliance-audition-1024x-q80.webp 1024w, https/alliance-audition-2250x]
[www.troa.fr/media/site/1782844b74-1734620708/phamily-600x-q90.webp 600w, https_/www.troa.fr/media/site/1782844b74-1734620708/phamily-1024x-q80.webp 1024w, https_/www.troa.fr/media//phamily-2250x-q90.ef.de]
[www.troa.fr/media/site/6219700d80-1734620597/mca-600x-q90.webp 600w, https_/www.troa.fr/media/site/6219700d80-1734620597/mca-1024x-q80.webp 1024w, https_/www.troa.fr/media/site/621/mca-2250x-q90.f1.delaye]
[www.troa.fr/media/site/266e719c04-1773827022/troaby.png]
[www.troa.fr/media/site/1b8da16313-1734620781/sos-main-600x-q90.webp 600w, https_/www.troa.fr/media/site/1b8da16313-1734620781/sos-main-1024x-q80.webp 1024w, https_/www.troa.fr/medi/sos-main-2250x-q90.f3.d]
[www.troa.fr/media/site/fd9431c3e2-1736767115/ingeniance-600x-q90.webp 600w, https_/www.troa.fr/media/site/fd9431c3e2-1736767115/ingeniance-1024x-q80.webp 1024w, https_/www.troa.fr//ingeniance-2250x-q90.f5]
[www.troa.fr/media/site/6fb5a95f18-1744703690/exsud-600x-q90.webp 600w, https_/www.troa.fr/media/site/6fb5a95f18-1744703690/exsud-1024x-q80.webp 1024w, https_/www.troa.fr/media/site/exsud-2250x-q90.f7.dela]
[www.troa.fr/media/site/9ce878d83c-1734620815/sodexo-600x-q90.webp 600w, https_/www.troa.fr/media/site/9ce878d83c-1734620815/sodexo-1024x-q80.webp 1024w, https_/www.troa.fr/media/si/sodexo-2250x-q90.f9.del]
[www.troa.fr/media/site/807789ba70-1734620788/spag-600x-q90.webp 600w, https_/www.troa.fr/media/site/807789ba70-1734620788/spag-1024x-q80.webp 1024w, https_/www.troa.fr/media/site/8/spag-2250x-q90.fb.delay]
[www.troa.fr/media/site/ac3c14bba0-1734620589/marin-montagut-600x-q90.webp 600w, https_/www.troa.fr/media/site/ac3c14bba0-1734620589/marin-montagut-1024x-q80.webp 1024w, https_/www/marin-montagut-2250x-q9]
[www.troa.fr/media/site/68f9afb579-1734620628/mfk-600x-q90.webp 600w, https_/www.troa.fr/media/site/68f9afb579-1734620628/mfk-1024x-q80.webp 1024w, https_/www.troa.fr/media/site/68f/mfk-2250x-q90.ff.delaye]
[www.troa.fr/media/site/b0a9785113-1744703719/slowgalerie-600x-q90.webp 600w, https_/www.troa.fr/media/site/b0a9785113-1744703719/slowgalerie-1024x-q80.webp 1024w, https_/www.troa.f/slowgalerie-2250x-q90.1]
[www.troa.fr/media/site/f211dc7d16-1734620457/grungemama-600x-q90.webp 600w, https_/www.troa.fr/media/site/f211dc7d16-1734620457/grungemama-1024x-q80.webp 1024w, https_/www.troa.fr//grungemama-2250x-q90.10]
[www.troa.fr/media/site/21f25e8148-1734620637/miti-navi-600x-q90.webp 600w, https_/www.troa.fr/media/site/21f25e8148-1734620637/miti-navi-1024x-q80.webp 1024w, https_/www.troa.fr/me/miti-navi-2250x-q90.105]
[www.troa.fr/media/site/851b4f2487-1734620324/addictopole-600x-q90.webp 600w, https_/www.troa.fr/media/site/851b4f2487-1734620324/addictopole-1024x-q80.webp 1024w, https_/www.troa.f/addictopole-2250x-q90.1]
[www.troa.fr/media/site/5e76e031e5-1736767244/msh-sud-600x-q90.webp 600w, https_/www.troa.fr/media/site/5e76e031e5-1736767244/msh-sud-1024x-q80.webp 1024w, https_/www.troa.fr/media//msh-sud-2250x-q90.109.d]
[www.troa.fr/media/site/db44b7271d-1734620766/snmkr-600x-q90.webp 600w, https_/www.troa.fr/media/site/db44b7271d-1734620766/snmkr-1024x-q80.webp 1024w, https_/www.troa.fr/media/site/snmkr-2250x-q90.10b.del]
[www.troa.fr/media/site/8f5793c253-1745834039/hectare-600x-q90.webp 600w, https_/www.troa.fr/media/site/8f5793c253-1745834039/hectare-1024x-q80.webp 1024w, https_/www.troa.fr/media//hectare-2250x-q90.10d.d]
[www.troa.fr/media/site/44e93b6530-1744703698/grandlitier-600x-q90.webp 600w, https_/www.troa.fr/media/site/44e93b6530-1744703698/grandlitier-1024x-q80.webp 1024w, https_/www.troa.f/grandlitier-2250x-q90.1]
[www.troa.fr/media/site/63cd9b92a1-1736767288/opus-600x-q90.webp 600w, https_/www.troa.fr/media/site/63cd9b92a1-1736767288/opus-1024x-q80.webp 1024w, https_/www.troa.fr/media/site/6/opus-2250x-q90.111.dela]
[www.troa.fr/media/site/db94c56acd-1734620339/antefixe-600x-q90.webp 600w, https_/www.troa.fr/media/site/db94c56acd-1734620339/antefixe-1024x-q80.webp 1024w, https_/www.troa.fr/medi/antefixe-2250x-q90.113]
[www.troa.fr/media/site/ce4d867024-1734620416/concept-care-600x-q90.webp 600w, https_/www.troa.fr/media/site/ce4d867024-1734620416/concept-care-1024x-q80.webp 1024w, https_/www.troa/concept-care-2250x-q90]
[www.troa.fr/media/site/490276c67b-1734620353/axa-600x-q90.webp 600w, https_/www.troa.fr/media/site/490276c67b-1734620353/axa-1024x-q80.webp 1024w, https_/www.troa.fr/media/site/490/axa-2250x-q90.117.delay]
[www.troa.fr/media/site/a1e0562681-1734620618/mesdemoiselles-600x-q90.webp 600w, https_/www.troa.fr/media/site/a1e0562681-1734620618/mesdemoiselles-1024x-q80.webp 1024w, https_/www/mesdemoiselles-2250x-q9]
[www.troa.fr/media/site/894a6795c1-1734620871/valege-600x-q90.webp 600w, https_/www.troa.fr/media/site/894a6795c1-1734620871/valege-1024x-q80.webp 1024w, https_/www.troa.fr/media/si/valege-2250x-q90.11b.de]
[www.troa.fr/media/site/c21e01ceb2-1734620891/vj-type-600x-q90.webp 600w, https_/www.troa.fr/media/site/c21e01ceb2-1734620891/vj-type-1024x-q80.webp 1024w, https_/www.troa.fr/media//vj-type-2250x-q90.11d.d]
[www.troa.fr/media/site/ea3a661022-1734620347/artene-600x-q90.webp 600w, https_/www.troa.fr/media/site/ea3a661022-1734620347/artene-1024x-q80.webp 1024w, https_/www.troa.fr/media/si/artene-2250x-q90.11f.de]
[www.troa.fr/media/site/48c56ae2ef-1761727240/marrons-imbert-cover2.png]
[www.troa.fr/media/site/80b5251bf0-1734620400/chu-mtp-600x-q90.webp 600w, https_/www.troa.fr/media/site/80b5251bf0-1734620400/chu-mtp-1024x-q80.webp 1024w, https_/www.troa.fr/media//chu-mtp-2250x-q90.121.d]
[www.troa.fr/media/site/2a4cca2802-1734620863/uro-st-jean-600x-q90.webp 600w, https_/www.troa.fr/media/site/2a4cca2802-1734620863/uro-st-jean-1024x-q80.webp 1024w, https_/www.troa.f/uro-st-jean-2250x-q90.1]
[www.troa.fr/media/site/1cdb221fde-1734620475/gillesetboissier-600x-q90.webp 600w, https_/www.troa.fr/media/site/1cdb221fde-1734620475/gillesetboissier-1024x-q80.webp 1024w, https_//gillesetboissier-2250x-]
[www.troa.fr/media/site/3ae0ffc431-1734620432/fondation-chanel-600x-q90.webp 600w, https_/www.troa.fr/media/site/3ae0ffc431-1734620432/fondation-chanel-1024x-q80.webp 1024w, https_//fondation-chanel-2250x-]
[www.troa.fr/media/site/e50c8e3d50-1734620803/shirvan-600x-q90.webp 600w, https_/www.troa.fr/media/site/e50c8e3d50-1734620803/shirvan-1024x-q80.webp 1024w, https_/www.troa.fr/media//shirvan-2250x-q90.129.d]
[www.troa.fr/media/site/f11225fd05-1727436922/lipton-600x-q90.webp 600w, https_/www.troa.fr/media/site/f11225fd05-1727436922/lipton-1024x-q80.webp 1024w, https_/www.troa.fr/media/si/lipton-2250x-q90.12b.de]
[www.troa.fr/media/site/e97f6b8703-1734620547/just-campagne-600x-q90.webp 600w, https_/www.troa.fr/media/site/e97f6b8703-1734620547/just-campagne-1024x-q80.webp 1024w, https_/www.tr/just-campagne-2250x-q90]
[www.troa.fr/media/site/d24f2f63ae-1770744352/foudre-loop-1-cover.png]
[www.troa.fr/media/site/eebc7909e8-1734620716/pst-600x-q90.webp 600w, https_/www.troa.fr/media/site/eebc7909e8-1734620716/pst-1024x-q80.webp 1024w, https_/www.troa.fr/media/site/eeb/pst-2250x-q90.12f.delay]
[www.troa.fr/media/site/995c35522f-1736767084/noemie-600x-q90.webp 600w, https_/www.troa.fr/media/site/995c35522f-1736767084/noemie-1024x-q80.webp 1024w, https_/www.troa.fr/media/si/noemie-2250x-q90.131.de]
[www.troa.fr/media/site/76fc1f315d-1734620392/chd-art-maker-600x-q90.webp 600w, https_/www.troa.fr/media/site/76fc1f315d-1734620392/chd-art-maker-1024x-q80.webp 1024w, https_/www.tr/chd-art-maker-2250x-q90]
[www.troa.fr/media/site/40d6d0ddad-1734620898/zakuw-600x-q90.webp 600w, https_/www.troa.fr/media/site/40d6d0ddad-1734620898/zakuw-1024x-q80.webp 1024w, https_/www.troa.fr/media/site/zakuw-2250x-q90.135.del]
[www.troa.fr/media/site/2b6e19818e-1734620366/baillardran-600x-q90.webp 600w, https_/www.troa.fr/media/site/2b6e19818e-1734620366/baillardran-1024x-q80.webp 1024w, https_/www.troa.f/baillardran-2250x-q90.1]
[www.troa.fr/media/site/64204e3602-1770744418/foudre-loop-3-cover.png]
[www.troa.fr/media/site/4f7b00533b-1736767155/reysearch-600x-q90.webp 600w, https_/www.troa.fr/media/site/4f7b00533b-1736767155/reysearch-1024x-q80.webp 1024w, https_/www.troa.fr/me/reysearch-2250x-q90.139]
[www.troa.fr/media/site/a0521012e4-1736767073/keloha-600x-q90.webp 600w, https_/www.troa.fr/media/site/a0521012e4-1736767073/keloha-1024x-q80.webp 1024w, https_/www.troa.fr/media/si/keloha-2250x-q90.13b.de]
[www.troa.fr/media/site/b13b2ade92-1734620879/vdevinster-600x-q90.webp 600w, https_/www.troa.fr/media/site/b13b2ade92-1734620879/vdevinster-1024x-q80.webp 1024w, https_/www.troa.fr//vdevinster-2250x-q90.13]
[www.troa.fr/media/site/fae6b17231-1736767232/dprt-600x-q90.webp 600w, https_/www.troa.fr/media/site/fae6b17231-1736767232/dprt-1024x-q80.webp 1024w, https_/www.troa.fr/media/site/f/dprt-2250x-q90.13f.dela]
[www.troa.fr/media/site/d12fd3a2af-1736767189/vendom-600x-q90.webp 600w, https_/www.troa.fr/media/site/d12fd3a2af-1736767189/vendom-1024x-q80.webp 1024w, https_/www.troa.fr/media/si/vendom-2250x-q90.141.de]
[www.troa.fr/media/site/c8805bb72c-1734620374/canon-600x-q90.webp 600w, https_/www.troa.fr/media/site/c8805bb72c-1734620374/canon-1024x-q80.webp 1024w, https_/www.troa.fr/media/site/canon-2250x-q90.143.del]
[www.troa.fr/media/site/0f7a667d68-1736767273/aeko-600x-q90.webp 600w, https_/www.troa.fr/media/site/0f7a667d68-1736767273/aeko-1024x-q80.webp 1024w, https_/www.troa.fr/media/site/0/aeko-2250x-q90.145.dela]
[www.troa.fr/media/site/8607746c69-1734620739/rendezvous-store-600x-q90.webp 600w, https_/www.troa.fr/media/site/8607746c69-1734620739/rendezvous-store-1024x-q80.webp 1024w, https_//rendezvous-store-2250x-]
[www.troa.fr/media/site/31c169ff49-1736767145/quadran-600x-q90.webp 600w, https_/www.troa.fr/media/site/31c169ff49-1736767145/quadran-1024x-q80.webp 1024w, https_/www.troa.fr/media//quadran-2250x-q90.149.d]
[www.troa.fr/media/site/7d7d0ada1d-1734620510/helft-pinta-600x-q90.webp 600w, https_/www.troa.fr/media/site/7d7d0ada1d-1734620510/helft-pinta-1024x-q80.webp 1024w, https_/www.troa.f/helft-pinta-2250x-q90.1]
[www.troa.fr/media/site/8126020ecb-1734620496/guysanchez-600x-q90.webp 600w, https_/www.troa.fr/media/site/8126020ecb-1734620496/guysanchez-1024x-q80.webp 1024w, https_/www.troa.fr//guysanchez-2250x-q90.14]
[www.troa.fr/media/site/ef75ea7e19-1734620380/carole-chiotasso-600x-q90.webp 600w, https_/www.troa.fr/media/site/ef75ea7e19-1734620380/carole-chiotasso-1024x-q80.webp 1024w, https_//carole-chiotasso-2250x-]
[www.troa.fr/media/site/3c4a6db404-1734620407/chu-nimes-600x-q90.webp 600w, https_/www.troa.fr/media/site/3c4a6db404-1734620407/chu-nimes-1024x-q80.webp 1024w, https_/www.troa.fr/me/chu-nimes-2250x-q90.151]
[www.troa.fr/media/site/17e61f6eb4-1718027424/pst-cover.jpg]
[www.troa.fr/media/site/23aeb12f21-1736767297/styles-600x-q90.webp 600w, https_/www.troa.fr/media/site/23aeb12f21-1736767297/styles-1024x-q80.webp 1024w, https_/www.troa.fr/media/si/styles-2250x-q90.153.de]
[www.troa.fr/media/site/626bcbccdd-1770743837/foudre-head4.png]
[www.troa.fr/media/site/e9f18a0b19-1734620676/ortho7-600x-q90.webp 600w, https_/www.troa.fr/media/site/e9f18a0b19-1734620676/ortho7-1024x-q80.webp 1024w, https_/www.troa.fr/media/si/ortho7-2250x-q90.155.de]
[www.troa.fr/media/site/121ea199be-1745834266/mat-et-seb-600x-q90.webp 600w, https_/www.troa.fr/media/site/121ea199be-1745834266/mat-et-seb-1024x-q80.webp 1024w, https_/www.troa.fr//mat-et-seb-2250x-q90.15]
[www.troa.fr/media/site/e043944970-1734620847/stella-suzie-600x-q90.webp 600w, https_/www.troa.fr/media/site/e043944970-1734620847/stella-suzie-1024x-q80.webp 1024w, https_/www.troa/stella-suzie-2250x-q90]
[www.troa.fr/media/site/818586375c-1771595922/atomic-design-theorie-code-cover-600x-q90.webp/www.troa.fr/media/site/818586375c-1771595922/atomic-design-theorie-code-cover-1024x-q80/atomic-design-theorie-c]
[www.troa.fr/media/site/d81d2b6baa-1765366335/atomic_design_thumbnail-600x-q90.webp 600w, htt/www.troa.fr/media/site/d81d2b6baa-1765366335/atomic_design_thumbnail-1024x-q80.webp 102/atomic_design_thumbnail]
[www.troa.fr/media/site/cd6284ba30-1761829907/greenr-cover3-600x-q90.webp 600w, https_/www.troa.fr/media/site/cd6284ba30-1761829907/greenr-cover3-1024x-q80.webp 1024w, https_/www.tr/greenr-cover3-2250x-q90]
[www.troa.fr/media/site/697ec1f50a-1734818056/capture-decran-2024-12-21-a-22.52.05.jpg]
[www.troa.fr/media/site/d4423845f6-1757662924/ia-contenu-cover-600x-q90.webp 600w, https_/www.troa.fr/media/site/d4423845f6-1757662924/ia-contenu-cover-1024x-q80.webp 1024w, https_//ia-contenu-cover-2250x-]
[www.troa.fr/media/site/b284a182ca-1734681673/cover.jpg]
[www.troa.fr/media/site/dcbd6b175b-1742896692/kirby-cms-cover-600x-q90.webp 600w, https_/www.troa.fr/media/site/dcbd6b175b-1742896692/kirby-cms-cover-1024x-q80.webp 1024w, https_/ww/kirby-cms-cover-2250x-q]
[www.troa.fr/media/site/f24e607d10-1746458964/vanilla-js-cover-600x-q90.webp 600w, https_/www.troa.fr/media/site/f24e607d10-1746458964/vanilla-js-cover-1024x-q80.webp 1024w, https_//vanilla-js-cover-2250x-]
[www.troa.fr/media/site/5fc6153ded-1744637718/codrops-article-thumbnail-600x-q90.webp 600w, h/www.troa.fr/media/site/5fc6153ded-1744637718/codrops-article-thumbnail-1024x-q80.webp 1/codrops-article-thumbna]
[www.troa.fr/media/site/28c43299e4-1743063739/panel-600x-q90.webp 600w, https_/www.troa.fr/media/site/28c43299e4-1743063739/panel-1024x-q80.webp 1024w, https_/www.troa.fr/media/site/panel-2250x-q90.171.del]
[www.troa.fr/media/site/3d202d04cc-1734690021/aquatique-show-troa.png]
[www.troa.fr/media/site/05ed584a88-1772202619/micro-interaction-troa-600x-q90.webp 600w, http/www.troa.fr/media/site/05ed584a88-1772202619/micro-interaction-troa-1024x-q80.webp 1024/micro-interaction-troa-]
[www.troa.fr/media/site/89a960455c-1729449449/troa_contact_519a1503-600x-q90.webp 600w, https/www.troa.fr/media/site/89a960455c-1729449449/troa_contact_519a1503-1024x-q80.webp 1024w/troa_contact_519a1503-2]
[www.troa.fr/media/site/a0bee21896-1736003475/img_6095studiojuliec.jpg]
[www.troa.fr/media/site/b8dd295b10-1727430943/troa_contact_bs_519a1503-600x-q90.webp 600w, ht/www.troa.fr/media/site/b8dd295b10-1727430943/troa_contact_bs_519a1503-1024x-q80.webp 10/troa_contact_bs_519a150]
[www.troa.fr/media/site/ede7df0d13-1735815827/troa-contact-600x-q90.webp 600w, https_/www.troa.fr/media/site/ede7df0d13-1735815827/troa-contact-1024x-q80.webp 1024w, https_/www.troa/troa-contact-2250x-q90]
[www.troa.fr/media/site/4e40973f80-1766137966/awwwards-3-600x-q90.webp 600w, https_/www.troa.fr/media/site/4e40973f80-1766137966/awwwards-3-1024x-q80.webp 1024w, https_/www.troa.fr//awwwards-3-2250x-q90.17]
[www.troa.fr/media/site/5cee5fba23-1728997403/mfk540-cover2.jpg]
[www.troa.fr/media/site/64d0be76a9-1766138239/awwwards-4-600x-q90.webp 600w, https_/www.troa.fr/media/site/64d0be76a9-1766138239/awwwards-4-1024x-q80.webp 1024w, https_/www.troa.fr//awwwards-4-2250x-q90.18]
[www.troa.fr/media/site/56c9378fd7-1736005719/23-113bb0b6681e0681a05393bfbee6f68b-1920x-q80-1.jpg]
[www.troa.fr/media/site/1a8c2ec028-1761743271/ineo-sense-1-600x-q90.webp 600w, https_/www.troa.fr/media/site/1a8c2ec028-1761743271/ineo-sense-1-1024x-q80.webp 1024w, https_/www.troa/ineo-sense-1-2250x-q90]
[www.troa.fr/media/site/b59d527f5b-1736150931/composition-1-cover.jpg]
[www.troa.fr/media/site/9b4d03c934-1761743291/ineo-sense-3-600x-q90.webp 600w, https_/www.troa.fr/media/site/9b4d03c934-1761743291/ineo-sense-3-1024x-q80.webp 1024w, https_/www.troa/ineo-sense-3-2250x-q90]
[www.troa.fr/media/site/8a66abde1d-1761743377/ineo-sense-2-600x-q90.webp 600w, https_/www.troa.fr/media/site/8a66abde1d-1761743377/ineo-sense-2-1024x-q80.webp 1024w, https_/www.troa/ineo-sense-2-2250x-q90]
[www.troa.fr/media/site/b6417230a3-1761743401/ineo-sense-5-600x-q90.webp 600w, https_/www.troa.fr/media/site/b6417230a3-1761743401/ineo-sense-5-1024x-q80.webp 1024w, https_/www.troa/ineo-sense-5-2250x-q90]
[www.troa.fr/media/site/776d81bfd8-1761743406/ineo-sense-4-600x-q90.webp 600w, https_/www.troa.fr/media/site/776d81bfd8-1761743406/ineo-sense-4-1024x-q80.webp 1024w, https_/www.troa/ineo-sense-4-2250x-q90]
[www.troa.fr/media/site/937520d14c-1718019747/tfc-troa-1-600x-q90.webp 600w, https_/www.troa.fr/media/site/937520d14c-1718019747/tfc-troa-1-1024x-q80.webp 1024w, https_/www.troa.fr//tfc-troa-1-2250x-q90.19]
[www.troa.fr/media/site/2a546d4f02-1729006555/impulsion-cover.jpg]
[www.troa.fr/media/site/5770af1de0-1718019813/tfc-troa-2-600x-q90.webp 600w, https_/www.troa.fr/media/site/5770af1de0-1718019813/tfc-troa-2-1024x-q80.webp 1024w, https_/www.troa.fr//tfc-troa-2-2250x-q90.19]
[www.troa.fr/media/site/b23b80bb29-1717957761/tfc-troa-3-600x-q90.webp 600w, https_/www.troa.fr/media/site/b23b80bb29-1717957761/tfc-troa-3-1024x-q80.webp 1024w, https_/www.troa.fr//tfc-troa-3-2250x-q90.19]
[www.troa.fr/media/site/8b392651ea-1718019864/tfc-troa-4-600x-q90.webp 600w, https_/www.troa.fr/media/site/8b392651ea-1718019864/tfc-troa-4-1024x-q80.webp 1024w, https_/www.troa.fr//tfc-troa-4-2250x-q90.19]
[www.troa.fr/media/site/d3bf725449-1755850456/kirby4-demo.png]
[www.troa.fr/media/site/290621854e-1718019718/tfc-troa-5-600x-q90.webp 600w, https_/www.troa.fr/media/site/290621854e-1718019718/tfc-troa-5-1024x-q80.webp 1024w, https_/www.troa.fr//tfc-troa-5-2250x-q90.1a]
[www.troa.fr/media/site/86a4336231-1718019895/tfc-troa-6-600x-q90.webp 600w, https_/www.troa.fr/media/site/86a4336231-1718019895/tfc-troa-6-1024x-q80.webp 1024w, https_/www.troa.fr//tfc-troa-6-2250x-q90.1a]
[www.troa.fr/media/site/2ae2729088-1718019943/troa-tfc-7-600x-q90.webp 600w, https_/www.troa.fr/media/site/2ae2729088-1718019943/troa-tfc-7-1024x-q80.webp 1024w, https_/www.troa.fr//troa-tfc-7-2250x-q90.1a]
[www.troa.fr/media/site/1b3e7a98b9-1717958365/tfc-troa-8-600x-q90.webp 600w, https_/www.troa.fr/media/site/1b3e7a98b9-1717958365/tfc-troa-8-1024x-q80.webp 1024w, https_/www.troa.fr//tfc-troa-8-2250x-q90.1a]
[www.troa.fr/media/site/cb09fe35bf-1718019977/tfc-troa-9-600x-q90.webp 600w, https_/www.troa.fr/media/site/cb09fe35bf-1718019977/tfc-troa-9-1024x-q80.webp 1024w, https_/www.troa.fr//tfc-troa-9-2250x-q90.1a]
[www.troa.fr/media/site/d5e818c6bc-1717958509/tfc-troa-10-600x-q90.webp 600w, https_/www.troa.fr/media/site/d5e818c6bc-1717958509/tfc-troa-10-1024x-q80.webp 1024w, https_/www.troa.f/tfc-troa-10-2250x-q90.1]
[www.troa.fr/media/site/bcf044cedb-1734939237/9x8-frame1400003135-600x-q90.webp 600w, https_/www.troa.fr/media/site/bcf044cedb-1734939237/9x8-frame1400003135-1024x-q80.webp 1024w, h/9x8-frame1400003135-225]
[www.troa.fr/media/site/60ec50f913-1734940797/st9x8-frame-1400003134-600x-q90.webp 600w, http/www.troa.fr/media/site/60ec50f913-1734940797/st9x8-frame-1400003134-1024x-q80.webp 1024/st9x8-frame-1400003134-]
[www.troa.fr/media/site/1f6e10eb96-1734815829/image3-600x-q90.webp 600w, https_/www.troa.fr/media/site/1f6e10eb96-1734815829/image3-1024x-q80.webp 1024w, https_/www.troa.fr/media/si/image3-2250x-q90.1b2.de]
[www.troa.fr/media/site/eca820421a-1742899977/kirby_cms_preview2.png]
[www.troa.fr/media/site/c647d80045-1734815842/image4-600x-q90.webp 600w, https_/www.troa.fr/media/site/c647d80045-1734815842/image4-1024x-q80.webp 1024w, https_/www.troa.fr/media/si/image4-2250x-q90.1b4.de]
[www.troa.fr/media/site/4e926521e6-1734815863/image5-600x-q90.webp 600w, https_/www.troa.fr/media/site/4e926521e6-1734815863/image5-1024x-q80.webp 1024w, https_/www.troa.fr/media/si/image5-2250x-q90.1b6.de]
[www.troa.fr/media/site/6310b1d05a-1734815897/image6-600x-q90.webp 600w, https_/www.troa.fr/media/site/6310b1d05a-1734815897/image6-1024x-q80.webp 1024w, https_/www.troa.fr/media/si/image6-2250x-q90.1b8.de]
[www.troa.fr/media/site/c0f7c7e295-1734815985/image7-600x-q90.webp 600w, https_/www.troa.fr/media/site/c0f7c7e295-1734815985/image7-1024x-q80.webp 1024w, https_/www.troa.fr/media/si/image7-2250x-q90.1ba.de]
[www.troa.fr/media/site/6f0ea65762-1734816020/image8-600x-q90.webp 600w, https_/www.troa.fr/media/site/6f0ea65762-1734816020/image8-1024x-q80.webp 1024w, https_/www.troa.fr/media/si/image8-2250x-q90.1bc.de]
[www.troa.fr/media/site/0507af2f59-1734816031/image9-600x-q90.webp 600w, https_/www.troa.fr/media/site/0507af2f59-1734816031/image9-1024x-q80.webp 1024w, https_/www.troa.fr/media/si/image9-2250x-q90.1be.de]
[www.troa.fr/media/site/8123816e2d-1734816062/image9-600x-q90.webp 600w, https_/www.troa.fr/media/site/8123816e2d-1734816062/image9-1024x-q80.webp 1024w, https_/www.troa.fr/media/si/image9-2250x-q90.1c0.de]
[www.troa.fr/media/site/93c539d844-1734816160/image-11-600x-q90.webp 600w, https_/www.troa.fr/media/site/93c539d844-1734816160/image-11-1024x-q80.webp 1024w, https_/www.troa.fr/medi/image-11-2250x-q90.1c2]
[www.troa.fr/media/site/9aed2e994c-1734816192/image-12-600x-q90.webp 600w, https_/www.troa.fr/media/site/9aed2e994c-1734816192/image-12-1024x-q80.webp 1024w, https_/www.troa.fr/medi/image-12-2250x-q90.1c4]
[www.troa.fr/media/site/d4950950da-1734816223/image-9-600x-q90.webp 600w, https_/www.troa.fr/media/site/d4950950da-1734816223/image-9-1024x-q80.webp 1024w, https_/www.troa.fr/media//image-9-2250x-q90.1c6.d]
[www.troa.fr/media/site/c000ea7353-1761726995/marrons-imbert-1-600x-q90.webp 600w, https_/www.troa.fr/media/site/c000ea7353-1761726995/marrons-imbert-1-1024x-q80.webp 1024w, https_//marrons-imbert-1-2250x-]
[www.troa.fr/media/site/af215ad34b-1761727008/marrons-imbert-6-600x-q90.webp 600w, https_/www.troa.fr/media/site/af215ad34b-1761727008/marrons-imbert-6-1024x-q80.webp 1024w, https_//marrons-imbert-6-2250x-]
[www.troa.fr/media/site/f922b0108a-1761727026/marrons-imbert-2-600x-q90.webp 600w, https_/www.troa.fr/media/site/f922b0108a-1761727026/marrons-imbert-2-1024x-q80.webp 1024w, https_//marrons-imbert-2-2250x-]
[www.troa.fr/media/site/115f2cc5d9-1761727046/marrons-imbert-3-600x-q90.webp 600w, https_/www.troa.fr/media/site/115f2cc5d9-1761727046/marrons-imbert-3-1024x-q80.webp 1024w, https_//marrons-imbert-3-2250x-]
[www.troa.fr/media/site/2d40651dc3-1761727071/marrons-imbert-5-600x-q90.webp 600w, https_/www.troa.fr/media/site/2d40651dc3-1761727071/marrons-imbert-5-1024x-q80.webp 1024w, https_//marrons-imbert-5-2250x-]
[www.troa.fr/media/site/02026bc01a-1761727079/marrons-imbert-7-600x-q90.webp 600w, https_/www.troa.fr/media/site/02026bc01a-1761727079/marrons-imbert-7-1024x-q80.webp 1024w, https_//marrons-imbert-7-2250x-]
[www.troa.fr/media/site/d6c6ad54f1-1761727090/marrons-imbert-8-600x-q90.webp 600w, https_/www.troa.fr/media/site/d6c6ad54f1-1761727090/marrons-imbert-8-1024x-q80.webp 1024w, https_//marrons-imbert-8-2250x-]
[www.troa.fr/media/site/106beab796-1718637400/rodeo-1-600x-q90.webp 600w, https_/www.troa.fr/media/site/106beab796-1718637400/rodeo-1-1024x-q80.webp 1024w, https_/www.troa.fr/media//rodeo-1-2250x-q90.1da.d]
[www.troa.fr/media/site/5440673e38-1718637552/frame-13073-600x-q90.webp 600w, https_/www.troa.fr/media/site/5440673e38-1718637552/frame-13073-1024x-q80.webp 1024w, https_/www.troa.f/frame-13073-2250x-q90.1]
[www.troa.fr/media/site/9bdad9f9b0-1718632873/rode-vi-2-600x-q90.webp 600w, https_/www.troa.fr/media/site/9bdad9f9b0-1718632873/rode-vi-2-1024x-q80.webp 1024w, https_/www.troa.fr/me/rode-vi-2-2250x-q90.1e0]
[www.troa.fr/media/site/5c1f651b42-1718639671/capture-decran-2024-06-17-a-17.49.26-600x-q90.w/www.troa.fr/media/site/5c1f651b42-1718639671/capture-decran-2024-06-17-a-17.49.26-1024x/capture-decran-2024-06-]
[www.troa.fr/media/site/5f2176fc10-1718639856/capture-decran-2024-06-17-a-17.56.43-600x-q90.w/www.troa.fr/media/site/5f2176fc10-1718639856/capture-decran-2024-06-17-a-17.56.43-1024x/capture-decran-2024-06-]
[www.troa.fr/media/site/22ac7275d0-1718637630/frame-13072-600x-q90.webp 600w, https_/www.troa.fr/media/site/22ac7275d0-1718637630/frame-13072-1024x-q80.webp 1024w, https_/www.troa.f/frame-13072-2250x-q90.1]
[www.troa.fr/media/site/eace5b6c0f-1718637729/frame-13074-600x-q90.webp 600w, https_/www.troa.fr/media/site/eace5b6c0f-1718637729/frame-13074-1024x-q80.webp 1024w, https_/www.troa.f/frame-13074-2250x-q90.1]
[www.troa.fr/media/site/1c3f76b088-1718637843/gallery_19-600x-q90.webp 600w, https_/www.troa.fr/media/site/1c3f76b088-1718637843/gallery_19-1024x-q80.webp 1024w, https_/www.troa.fr//gallery_19-2250x-q90.1e]
[www.troa.fr/media/site/fd6d9c040d-1718639079/frame-13075-600x-q90.webp 600w, https_/www.troa.fr/media/site/fd6d9c040d-1718639079/frame-13075-1024x-q80.webp 1024w, https_/www.troa.f/frame-13075-2250x-q90.1]
[www.troa.fr/media/site/016dc67de5-1718639102/frame-13091-600x-q90.webp 600w, https_/www.troa.fr/media/site/016dc67de5-1718639102/frame-13091-1024x-q80.webp 1024w, https_/www.troa.f/frame-13091-2250x-q90.1]
[www.troa.fr/media/site/85378d2128-1718021847/lipton-troa-1-600x-q90.webp 600w, https_/www.troa.fr/media/site/85378d2128-1718021847/lipton-troa-1-1024x-q80.webp 1024w, https_/www.tr/lipton-troa-1-2250x-q90]
[www.troa.fr/media/site/f467454bd7-1717960684/lipton-troa-2-600x-q90.webp 600w, https_/www.troa.fr/media/site/f467454bd7-1717960684/lipton-troa-2-1024x-q80.webp 1024w, https_/www.tr/lipton-troa-2-2250x-q90]
[www.troa.fr/media/site/554d13ee31-1717960701/lipton-troa-3-600x-q90.webp 600w, https_/www.troa.fr/media/site/554d13ee31-1717960701/lipton-troa-3-1024x-q80.webp 1024w, https_/www.tr/lipton-troa-3-2250x-q90]
[www.troa.fr/media/site/47c2da8e7a-1717960742/lipton-troa-4-600x-q90.webp 600w, https_/www.troa.fr/media/site/47c2da8e7a-1717960742/lipton-troa-4-1024x-q80.webp 1024w, https_/www.tr/lipton-troa-4-2250x-q90]
[www.troa.fr/media/site/08e10f72f9-1717960808/lipton-troa-6-600x-q90.webp 600w, https_/www.troa.fr/media/site/08e10f72f9-1717960808/lipton-troa-6-1024x-q80.webp 1024w, https_/www.tr/lipton-troa-6-2250x-q90]
[www.troa.fr/media/site/ad78ecea07-1717960855/lipton-troa-7-600x-q90.webp 600w, https_/www.troa.fr/media/site/ad78ecea07-1717960855/lipton-troa-7-1024x-q80.webp 1024w, https_/www.tr/lipton-troa-7-2250x-q90]
[www.troa.fr/media/site/da8de1c227-1717960898/lipton-troa-9-600x-q90.webp 600w, https_/www.troa.fr/media/site/da8de1c227-1717960898/lipton-troa-9-1024x-q80.webp 1024w, https_/www.tr/lipton-troa-9-2250x-q90]
[www.troa.fr/media/site/f644948492-1717960918/lipton-troa-10-600x-q90.webp 600w, https_/www.troa.fr/media/site/f644948492-1717960918/lipton-troa-10-1024x-q80.webp 1024w, https_/www/lipton-troa-10-2250x-q9]
[www.troa.fr/media/site/bdbd65a341-1717960995/lipton-troa-11-600x-q90.webp 600w, https_/www.troa.fr/media/site/bdbd65a341-1717960995/lipton-troa-11-1024x-q80.webp 1024w, https_/www/lipton-troa-11-2250x-q9]
[www.troa.fr/media/site/3ca31178a3-1733505822/grotte-demoiselles-print-600x-q90.webp 600w, ht/www.troa.fr/media/site/3ca31178a3-1733505822/grotte-demoiselles-print-1024x-q80.webp 10/grotte-demoiselles-prin]
[www.troa.fr/media/site/3e5aa7a5ac-1733505237/da-troa-2-600x-q90.webp 600w, https_/www.troa.fr/media/site/3e5aa7a5ac-1733505237/da-troa-2-1024x-q80.webp 1024w, https_/www.troa.fr/me/da-troa-2-2250x-q90.20b]
[www.troa.fr/media/site/9a321a225c-1727681638/troa_expertise_da_bs_519a1527-600x-q90.webp 600/www.troa.fr/media/site/9a321a225c-1727681638/troa_expertise_da_bs_519a1527-1024x-q80.we/troa_expertise_da_bs_51]
[www.troa.fr/media/site/a5790d510d-1736528854/bloo-600x-q90.webp 600w, https_/www.troa.fr/media/site/a5790d510d-1736528854/bloo-1024x-q80.webp 1024w, https_/www.troa.fr/media/site/a/bloo-2250x-q90.20f.dela]
[www.troa.fr/media/site/6efbd07d6b-1735829729/phamily_image-3-600x-q90.webp 600w, https_/www.troa.fr/media/site/6efbd07d6b-1735829729/phamily_image-3-1024x-q80.webp 1024w, https_/ww/phamily_image-3-2250x-q]
[www.troa.fr/media/site/55104edfc4-1734538157/direction-artistique-troa-1-600x-q90.webp 600w,/www.troa.fr/media/site/55104edfc4-1734538157/direction-artistique-troa-1-1024x-q80.webp/direction-artistique-tr]
[www.troa.fr/media/site/d2cad100fe-1736529603/frame-1087-600x-q90.webp 600w, https_/www.troa.fr/media/site/d2cad100fe-1736529603/frame-1087-1024x-q80.webp 1024w, https_/www.troa.fr//frame-1087-2250x-q90.21]
[www.troa.fr/media/site/0042263886-1734541367/design-responsable-cover-600x-q90.webp 600w, ht/www.troa.fr/media/site/0042263886-1734541367/design-responsable-cover-1024x-q80.webp 10/design-responsable-cove]
[www.troa.fr/media/site/a5ccdb31ce-1718026204/vc23-cover-600x-q90.webp 600w, https_/www.troa.fr/media/site/a5ccdb31ce-1718026204/vc23-cover-1024x-q80.webp 1024w, https_/www.troa.fr//vc23-cover-2250x-q90.21]
[www.troa.fr/media/site/0cd8147852-1727682816/troa_expertises_site_bs_519a1622-600x-q90.webp/www.troa.fr/media/site/0cd8147852-1727682816/troa_expertises_site_bs_519a1622-1024x-q80/troa_expertises_site_bs]
[www.troa.fr/media/site/ffcb9c67e8-1736241229/troa_home_bs_519a1480-600x-q90.webp 600w, https/www.troa.fr/media/site/ffcb9c67e8-1736241229/troa_home_bs_519a1480-1024x-q80.webp 1024w/troa_home_bs_519a1480-2]
[www.troa.fr/media/site/78f976ed9f-1736151619/frame-1400003175-600x-q90.webp 600w, https_/www.troa.fr/media/site/78f976ed9f-1736151619/frame-1400003175-1024x-q80.webp 1024w, https_//frame-1400003175-2250x-]
[www.troa.fr/media/site/b7c5e615fb-1736528647/01-600x-q90.webp 600w, https_/www.troa.fr/media/site/b7c5e615fb-1736528647/01-1024x-q80.webp 1024w, https_/www.troa.fr/media/site/b7c5e/01-2250x-q90.222.delaye]
[www.troa.fr/media/site/802ba14450-1734627846/01-600x-q90.webp 600w, https_/www.troa.fr/media/site/802ba14450-1734627846/01-1024x-q80.webp 1024w, https_/www.troa.fr/media/site/802ba/01-2250x-q90.224.delaye]
[www.troa.fr/media/site/02d466ec23-1734538747/site-vitrine-troa-5-600x-q90.webp 600w, https_/www.troa.fr/media/site/02d466ec23-1734538747/site-vitrine-troa-5-1024x-q80.webp 1024w, h/site-vitrine-troa-5-225]
[www.troa.fr/media/site/7be49d27e0-1728985508/accessibilite-web-cover-600x-q90.webp 600w, htt/www.troa.fr/media/site/7be49d27e0-1728985508/accessibilite-web-cover-1024x-q80.webp 102/accessibilite-web-cover]
[www.troa.fr/media/site/374fe0f81b-1729505826/ecommerce-troa-1-600x-q90.webp 600w, https_/www.troa.fr/media/site/374fe0f81b-1729505826/ecommerce-troa-1-1024x-q80.webp 1024w, https_//ecommerce-troa-1-2250x-]
[www.troa.fr/media/site/96f0e84b58-1729505834/ecommerce-troa2-600x-q90.webp 600w, https_/www.troa.fr/media/site/96f0e84b58-1729505834/ecommerce-troa2-1024x-q80.webp 1024w, https_/ww/ecommerce-troa2-2250x-q]
[www.troa.fr/media/site/0e0f889406-1734539180/ecommerce-troa-12-600x-q90.webp 600w, https_/www.troa.fr/media/site/0e0f889406-1734539180/ecommerce-troa-12-1024x-q80.webp 1024w, https/ecommerce-troa-12-2250x]
[www.troa.fr/media/site/a7a4a23d15-1734539190/ecommerce-troa-10-600x-q90.webp 600w, https_/www.troa.fr/media/site/a7a4a23d15-1734539190/ecommerce-troa-10-1024x-q80.webp 1024w, https/ecommerce-troa-10-2250x]
[www.troa.fr/media/site/c4125a25fa-1734539198/ecommerce-troa-11-600x-q90.webp 600w, https_/www.troa.fr/media/site/c4125a25fa-1734539198/ecommerce-troa-11-1024x-q80.webp 1024w, https/ecommerce-troa-11-2250x]
[www.troa.fr/media/site/39a6602f8a-1734539251/ecommerce-troa-13-600x-q90.webp 600w, https_/www.troa.fr/media/site/39a6602f8a-1734539251/ecommerce-troa-13-1024x-q80.webp 1024w, https/ecommerce-troa-13-2250x]
[www.troa.fr/media/site/958494a71f-1727863663/heroines5-600x-q90.webp 600w, https_/www.troa.fr/media/site/958494a71f-1727863663/heroines5-1024x-q80.webp 1024w, https_/www.troa.fr/me/heroines5-2250x-q90.237]
[www.troa.fr/media/site/5435b297b8-1729518668/crm-troa-1-600x-q90.webp 600w, https_/www.troa.fr/media/site/5435b297b8-1729518668/crm-troa-1-1024x-q80.webp 1024w, https_/www.troa.fr//crm-troa-1-2250x-q90.23]
[www.troa.fr/media/site/c513cec94c-1729518676/crm-troa-2-600x-q90.webp 600w, https_/www.troa.fr/media/site/c513cec94c-1729518676/crm-troa-2-1024x-q80.webp 1024w, https_/www.troa.fr//crm-troa-2-2250x-q90.23]
[www.troa.fr/media/site/ea3741374c-1734539548/outil-metier-troa-3-600x-q90.webp 600w, https_/www.troa.fr/media/site/ea3741374c-1734539548/outil-metier-troa-3-1024x-q80.webp 1024w, h/outil-metier-troa-3-225]
[www.troa.fr/media/site/f8a57543f8-1734539538/outil-metier-troa-5-600x-q90.webp 600w, https_/www.troa.fr/media/site/f8a57543f8-1734539538/outil-metier-troa-5-1024x-q80.webp 1024w, h/outil-metier-troa-5-225]
[www.troa.fr/media/site/97aaa17660-1729518691/crm-troa-3-600x-q90.webp 600w, https_/www.troa.fr/media/site/97aaa17660-1729518691/crm-troa-3-1024x-q80.webp 1024w, https_/www.troa.fr//crm-troa-3-2250x-q90.24]
[www.troa.fr/media/site/45d8e39cdc-1734539562/outil-metier-troa-1-600x-q90.webp 600w, https_/www.troa.fr/media/site/45d8e39cdc-1734539562/outil-metier-troa-1-1024x-q80.webp 1024w, h/outil-metier-troa-1-225]
[www.troa.fr/media/site/78ee3357a7-1729021364/aeko-cover-600x-q90.webp 600w, https_/www.troa.fr/media/site/78ee3357a7-1729021364/aeko-cover-1024x-q80.webp 1024w, https_/www.troa.fr//aeko-cover-2250x-q90.24]
[www.troa.fr/media/site/3d23fb6722-1734540205/seo-troa-4-600x-q90.webp 600w, https_/www.troa.fr/media/site/3d23fb6722-1734540205/seo-troa-4-1024x-q80.webp 1024w, https_/www.troa.fr//seo-troa-4-2250x-q90.24]
[www.troa.fr/media/site/23f6b41183-1734540213/seo-troa-1-600x-q90.webp 600w, https_/www.troa.fr/media/site/23f6b41183-1734540213/seo-troa-1-1024x-q80.webp 1024w, https_/www.troa.fr//seo-troa-1-2250x-q90.24]
[www.troa.fr/media/site/5e011d1e71-1734540228/seo-troa-3-600x-q90.webp 600w, https_/www.troa.fr/media/site/5e011d1e71-1734540228/seo-troa-3-1024x-q80.webp 1024w, https_/www.troa.fr//seo-troa-3-2250x-q90.24]
[www.troa.fr/media/site/ea75b9bd9b-1734540260/outil-metier-troa-2-600x-q90.webp 600w, https_/www.troa.fr/media/site/ea75b9bd9b-1734540260/outil-metier-troa-2-1024x-q80.webp 1024w, h/outil-metier-troa-2-225]
[www.troa.fr/media/site/406b66f51e-1734540267/seo-troa-2-600x-q90.webp 600w, https_/www.troa.fr/media/site/406b66f51e-1734540267/seo-troa-2-1024x-q80.webp 1024w, https_/www.troa.fr//seo-troa-2-2250x-q90.24]
[www.troa.fr/media/site/ab11c220b4-1733483568/base-seo-cover-600x-q90.webp 600w, https_/www.troa.fr/media/site/ab11c220b4-1733483568/base-seo-cover-1024x-q80.webp 1024w, https_/www/base-seo-cover-2250x-q9]
[www.troa.fr/media/pages/realisations/vendom-talents/20755d0edd-1717515579/vendom-cover-15-min-min-600x-q90.webp 600w, htt/www.troa.fr/media/pages/realisations/vendom-talents/20755d/vendom-cover-15-min-min]
[www.troa.fr/media/site/4265265ed1-1729265970/hebergement-web-troa-3-600x-q90.webp 600w, http/www.troa.fr/media/site/4265265ed1-1729265970/hebergement-web-troa-3-1024x-q80.webp 1024/hebergement-web-troa-3-]
[www.troa.fr/media/site/308629305a-1729265939/hebergement-web-troa-2-600x-q90.webp 600w, http/www.troa.fr/media/site/308629305a-1729265939/hebergement-web-troa-2-1024x-q80.webp 1024/hebergement-web-troa-2-]
[www.troa.fr/media/site/ea2a5cb350-1729265929/hebergement-web-troa-1-600x-q90.webp 600w, http/www.troa.fr/media/site/ea2a5cb350-1729265929/hebergement-web-troa-1-1024x-q80.webp 1024/hebergement-web-troa-1-]
[www.troa.fr/media/site/833c424bcb-1734539846/hebergement-web-troa-10-600x-q90.webp 600w, htt/www.troa.fr/media/site/833c424bcb-1734539846/hebergement-web-troa-10-1024x-q80.webp 102/hebergement-web-troa-10]
[www.troa.fr/media/site/7548759693-1734539855/hebergement-web-troa-11-600x-q90.webp 600w, htt/www.troa.fr/media/site/7548759693-1734539855/hebergement-web-troa-11-1024x-q80.webp 102/hebergement-web-troa-11]
[www.troa.fr/media/site/05e5d14400-1734539862/hebergement-web-troa-12-600x-q90.webp 600w, htt/www.troa.fr/media/site/05e5d14400-1734539862/hebergement-web-troa-12-1024x-q80.webp 102/hebergement-web-troa-12]
[www.troa.fr/media/site/5724f8ae32-1728986989/annual-awwwards21-cover-600x-q90.webp 600w, htt/www.troa.fr/media/site/5724f8ae32-1728986989/annual-awwwards21-cover-1024x-q80.webp 102/annual-awwwards21-cover]
[www.troa.fr/media/site/af62a93def-1773826466/kirby-cms-troa-2026-20-600x-q90.webp 600w, http/www.troa.fr/media/site/af62a93def-1773826466/kirby-cms-troa-2026-20-1024x-q80.webp 1024/kirby-cms-troa-2026-20-]
[www.troa.fr/media/site/8a131de466-1773826483/kirby-cms-troa-2026-10-600x-q90.webp 600w, http/www.troa.fr/media/site/8a131de466-1773826483/kirby-cms-troa-2026-10-1024x-q80.webp 1024/kirby-cms-troa-2026-10-]
[www.troa.fr/media/site/cbdb30990f-1751608569/article-eco-1-xsd-tiny-600x-q90.webp 600w, http/www.troa.fr/media/site/cbdb30990f-1751608569/article-eco-1-xsd-tiny-1024x-q80.webp 1024/article-eco-1-xsd-tiny-]
[www.troa.fr/media/site/bc005cddeb-1751607842/article-eco-001-600x-q90.webp 600w, https_/www.troa.fr/media/site/bc005cddeb-1751607842/article-eco-001-1024x-q80.webp 1024w, https_/ww/article-eco-001-2250x-q]
[www.troa.fr/media/site/e09947e660-1751607991/article-eco-16-1-sd-tiny-600x-q90.webp 600w, ht/www.troa.fr/media/site/e09947e660-1751607991/article-eco-16-1-sd-tiny-1024x-q80.webp 10/article-eco-16-1-sd-tin]
[www.troa.fr/media/site/34b4360751-1751608189/article-eco-15-600x-q90.webp 600w, https_/www.troa.fr/media/site/34b4360751-1751608189/article-eco-15-1024x-q80.webp 1024w, https_/www/article-eco-15-2250x-q9]
[www.troa.fr/media/site/e3e1fece6d-1751608266/article-eco-14-sd-tiny-600x-q90.webp 600w, http/www.troa.fr/media/site/e3e1fece6d-1751608266/article-eco-14-sd-tiny-1024x-q80.webp 1024/article-eco-14-sd-tiny-]
[www.troa.fr/media/site/7413bd3d39-1750953601/instagram-post-2-600x-q90.webp 600w, https_/www.troa.fr/media/site/7413bd3d39-1750953601/instagram-post-2-1024x-q80.webp 1024w, https_//instagram-post-2-2250x-]
[www.troa.fr/media/site/ef9d05ae91-1735903835/parlons-verre-thumbs-600x-q80.webp]
[www.troa.fr/media/site/0f492c3e54-1734718024/patte-blanche-600x-q80.webp]
[www.troa.fr/media/site/6c47b7bfc4-1735835505/crouzet-thumb-600x-q80.webp]
[www.troa.fr/media/site/c8b6383cd6-1735833793/styles-thumbs-600x-q80.webp]
[www.troa.fr/media/site/aec5318d66-1735899898/bina-baitel-thumbs-600x-q80.webp]
[www.troa.fr/media/site/e0e59d30ba-1735911139/ariane-compta-thumbs-600x-q80.webp]
[www.troa.fr/media/site/1c4eb1e22c-1770744108/foudre-2-600x-q90.webp 600w, https_/www.troa.fr/media/site/1c4eb1e22c-1770744108/foudre-2-1024x-q80.webp 1024w, https_/www.troa.fr/medi/foudre-2-2250x-q90.2f0]
[www.troa.fr/media/site/e68590918a-1770744271/foudre-4-600x-q90.webp 600w, https_/www.troa.fr/media/site/e68590918a-1770744271/foudre-4-1024x-q80.webp 1024w, https_/www.troa.fr/medi/foudre-4-2250x-q90.2f4]
[www.troa.fr/media/site/a20a75a192-1770744459/foudre-3-600x-q90.webp 600w, https_/www.troa.fr/media/site/a20a75a192-1770744459/foudre-3-1024x-q80.webp 1024w, https_/www.troa.fr/medi/foudre-3-2250x-q90.2f8]
[www.troa.fr/media/site/ba2cf4dafb-1734898930/aqua_image-600x-q90.webp 600w, https_/www.troa.fr/media/site/ba2cf4dafb-1734898930/aqua_image-1024x-q80.webp 1024w, https_/www.troa.fr//aqua_image-2250x-q90.2f]
[www.troa.fr/media/site/e953e2f719-1734898940/aqua_02-600x-q90.webp 600w, https_/www.troa.fr/media/site/e953e2f719-1734898940/aqua_02-1024x-q80.webp 1024w, https_/www.troa.fr/media//aqua_02-2250x-q90.2fd.d]
[www.troa.fr/media/site/5ef5b795e3-1734899037/aqua_04-600x-q90.webp 600w, https_/www.troa.fr/media/site/5ef5b795e3-1734899037/aqua_04-1024x-q80.webp 1024w, https_/www.troa.fr/media//aqua_04-2250x-q90.301.d]
[www.troa.fr/media/site/c46e214716-1734899062/aqua_06-600x-q90.webp 600w, https_/www.troa.fr/media/site/c46e214716-1734899062/aqua_06-1024x-q80.webp 1024w, https_/www.troa.fr/media//aqua_06-2250x-q90.303.d]
[www.troa.fr/media/site/fc04bae2d8-1734899073/aqua_07-600x-q90.webp 600w, https_/www.troa.fr/media/site/fc04bae2d8-1734899073/aqua_07-1024x-q80.webp 1024w, https_/www.troa.fr/media//aqua_07-2250x-q90.305.d]
[www.troa.fr/media/site/469d799f0e-1734899100/aqua_08-600x-q90.webp 600w, https_/www.troa.fr/media/site/469d799f0e-1734899100/aqua_08-1024x-q80.webp 1024w, https_/www.troa.fr/media//aqua_08-2250x-q90.307.d]
[www.troa.fr/media/site/0b541a44a3-1734899128/aqua_09-600x-q90.webp 600w, https_/www.troa.fr/media/site/0b541a44a3-1734899128/aqua_09-1024x-q80.webp 1024w, https_/www.troa.fr/media//aqua_09-2250x-q90.309.d]
[www.troa.fr/media/site/0547f008f7-1734899146/aqua_10-600x-q90.webp 600w, https_/www.troa.fr/media/site/0547f008f7-1734899146/aqua_10-1024x-q80.webp 1024w, https_/www.troa.fr/media//aqua_10-2250x-q90.30b.d]
[www.troa.fr/media/site/093e9c2e5c-1734902042/pst-frame-1400003131-600x-q90.webp 600w, https_/www.troa.fr/media/site/093e9c2e5c-1734902042/pst-frame-1400003131-1024x-q80.webp 1024w,/pst-frame-1400003131-22]
[www.troa.fr/media/site/4219afc389-1734899409/pst_02-600x-q90.webp 600w, https_/www.troa.fr/media/site/4219afc389-1734899409/pst_02-1024x-q80.webp 1024w, https_/www.troa.fr/media/si/pst_02-2250x-q90.310.de]
[www.troa.fr/media/site/91d6f43d4d-1734899437/pst_03-600x-q90.webp 600w, https_/www.troa.fr/media/site/91d6f43d4d-1734899437/pst_03-1024x-q80.webp 1024w, https_/www.troa.fr/media/si/pst_03-2250x-q90.312.de]
[www.troa.fr/media/site/3ef17335f2-1734902502/capture-decran-2024-12-22-a-22.21.01-600x-q90.w/www.troa.fr/media/site/3ef17335f2-1734902502/capture-decran-2024-12-22-a-22.21.01-1024x/capture-decran-2024-12-]
[www.troa.fr/media/site/17b83d20db-1734902086/pst-frame-1093-600x-q90.webp 600w, https_/www.troa.fr/media/site/17b83d20db-1734902086/pst-frame-1093-1024x-q80.webp 1024w, https_/www/pst-frame-1093-2250x-q9]
[www.troa.fr/media/site/f1173bd1cd-1734899538/pst_04-600x-q90.webp 600w, https_/www.troa.fr/media/site/f1173bd1cd-1734899538/pst_04-1024x-q80.webp 1024w, https_/www.troa.fr/media/si/pst_04-2250x-q90.318.de]
[www.troa.fr/media/site/1dc2a5a837-1736238590/img_6082-600x-q90.webp 600w, https_/www.troa.fr/media/site/1dc2a5a837-1736238590/img_6082-1024x-q80.webp 1024w, https_/www.troa.fr/medi/img_6082-2250x-q90.31a]
[www.troa.fr/media/site/30017b1128-1734899761/pst_06-600x-q90.webp 600w, https_/www.troa.fr/media/site/30017b1128-1734899761/pst_06-1024x-q80.webp 1024w, https_/www.troa.fr/media/si/pst_06-2250x-q90.31c.de]
[www.troa.fr/media/site/39922ee6f0-1734899791/pst_087-600x-q90.webp 600w, https_/www.troa.fr/media/site/39922ee6f0-1734899791/pst_087-1024x-q80.webp 1024w, https_/www.troa.fr/media//pst_087-2250x-q90.31e.d]
[www.troa.fr/media/site/ee235ab95c-1734899799/pst_08-600x-q90.webp 600w, https_/www.troa.fr/media/site/ee235ab95c-1734899799/pst_08-1024x-q80.webp 1024w, https_/www.troa.fr/media/si/pst_08-2250x-q90.320.de]
[www.troa.fr/media/site/b2be67137d-1734899831/pst_09-600x-q90.webp 600w, https_/www.troa.fr/media/site/b2be67137d-1734899831/pst_09-1024x-q80.webp 1024w, https_/www.troa.fr/media/si/pst_09-2250x-q90.322.de]
[www.troa.fr/media/site/060f9f2efe-1734899837/pst_10-600x-q90.webp 600w, https_/www.troa.fr/media/site/060f9f2efe-1734899837/pst_10-1024x-q80.webp 1024w, https_/www.troa.fr/media/si/pst_10-2250x-q90.324.de]
[www.troa.fr/media/site/ccdee69655-1734899863/pst_11-600x-q90.webp 600w, https_/www.troa.fr/media/site/ccdee69655-1734899863/pst_11-1024x-q80.webp 1024w, https_/www.troa.fr/media/si/pst_11-2250x-q90.326.de]
[www.troa.fr/media/site/0f44fc727c-1734899883/pst_12-600x-q90.webp 600w, https_/www.troa.fr/media/site/0f44fc727c-1734899883/pst_12-1024x-q80.webp 1024w, https_/www.troa.fr/media/si/pst_12-2250x-q90.328.de]
[www.troa.fr/media/site/e13adf4fc4-1734899897/pst_13-600x-q90.webp 600w, https_/www.troa.fr/media/site/e13adf4fc4-1734899897/pst_13-1024x-q80.webp 1024w, https_/www.troa.fr/media/si/pst_13-2250x-q90.32a.de]
[www.troa.fr/media/site/b9c7003cf3-1734899927/pst_14-600x-q90.webp 600w, https_/www.troa.fr/media/site/b9c7003cf3-1734899927/pst_14-1024x-q80.webp 1024w, https_/www.troa.fr/media/si/pst_14-2250x-q90.32c.de]
[www.troa.fr/media/site/f746ff330e-1734901695/pst-frame-1101-600x-q90.webp 600w, https_/www.troa.fr/media/site/f746ff330e-1734901695/pst-frame-1101-1024x-q80.webp 1024w, https_/www/pst-frame-1101-2250x-q9]
[www.troa.fr/media/site/cd415c5cee-1734899943/pst_15-600x-q90.webp 600w, https_/www.troa.fr/media/site/cd415c5cee-1734899943/pst_15-1024x-q80.webp 1024w, https_/www.troa.fr/media/si/pst_15-2250x-q90.330.de]
[www.troa.fr/media/site/c839713111-1734627859/02-600x-q90.webp 600w, https_/www.troa.fr/media/site/c839713111-1734627859/02-1024x-q80.webp 1024w, https_/www.troa.fr/media/site/c8397/02-2250x-q90.333.delaye]
[www.troa.fr/media/site/1de4f306c4-1734628682/04-600x-q90.webp 600w, https_/www.troa.fr/media/site/1de4f306c4-1734628682/04-1024x-q80.webp 1024w, https_/www.troa.fr/media/site/1de4f/04-2250x-q90.337.delaye]
[www.troa.fr/media/site/6023b9c357-1734681726/05-600x-q90.webp 600w, https_/www.troa.fr/media/site/6023b9c357-1734681726/05-1024x-q80.webp 1024w, https_/www.troa.fr/media/site/6023b/05-2250x-q90.339.delaye]
[www.troa.fr/media/site/982d466706-1734681743/06-600x-q90.webp 600w, https_/www.troa.fr/media/site/982d466706-1734681743/06-1024x-q80.webp 1024w, https_/www.troa.fr/media/site/982d4/06-2250x-q90.33b.delaye]
[www.troa.fr/media/site/184dcee8f5-1734681802/07-600x-q90.webp 600w, https_/www.troa.fr/media/site/184dcee8f5-1734681802/07-1024x-q80.webp 1024w, https_/www.troa.fr/media/site/184dc/07-2250x-q90.33d.delaye]
[www.troa.fr/media/site/d07f20f933-1734681815/08-600x-q90.webp 600w, https_/www.troa.fr/media/site/d07f20f933-1734681815/08-1024x-q80.webp 1024w, https_/www.troa.fr/media/site/d07f2/08-2250x-q90.33f.delaye]
[www.troa.fr/media/site/cf5fa9b258-1734681851/09-600x-q90.webp 600w, https_/www.troa.fr/media/site/cf5fa9b258-1734681851/09-1024x-q80.webp 1024w, https_/www.troa.fr/media/site/cf5fa/09-2250x-q90.341.delaye]
[www.troa.fr/media/site/857348c149-1734682011/feed3-600x-q90.webp 600w, https_/www.troa.fr/media/site/857348c149-1734682011/feed3-1024x-q80.webp 1024w, https_/www.troa.fr/media/site/feed3-2250x-q90.345.del]
[www.troa.fr/media/site/dd5cc89018-1734817183/feed6a-600x-q90.webp 600w, https_/www.troa.fr/media/site/dd5cc89018-1734817183/feed6a-1024x-q80.webp 1024w, https_/www.troa.fr/media/si/feed6a-2250x-q90.347.de]
[www.troa.fr/media/site/d307c45d85-1734817195/feed6b-600x-q90.webp 600w, https_/www.troa.fr/media/site/d307c45d85-1734817195/feed6b-1024x-q80.webp 1024w, https_/www.troa.fr/media/si/feed6b-2250x-q90.349.de]
[www.troa.fr/media/site/5efa6b3f8c-1735829382/phamily_image-600x-q90.webp 600w, https_/www.troa.fr/media/site/5efa6b3f8c-1735829382/phamily_image-1024x-q80.webp 1024w, https_/www.tr/phamily_image-2250x-q90]
[www.troa.fr/media/site/1656efb7d0-1735829575/y-600x-q90.webp 600w, https_/www.troa.fr/media/site/1656efb7d0-1735829575/y-1024x-q80.webp 1024w, https_/www.troa.fr/media/site/1656efb7/y-2250x-q90.34f.delaye]
[www.troa.fr/media/site/ca82f78a54-1735829613/phamily_image-2-600x-q90.webp 600w, https_/www.troa.fr/media/site/ca82f78a54-1735829613/phamily_image-2-1024x-q80.webp 1024w, https_/ww/phamily_image-2-2250x-q]
[www.troa.fr/media/site/af768c4c93-1735830199/phamily_image-4-600x-q90.webp 600w, https_/www.troa.fr/media/site/af768c4c93-1735830199/phamily_image-4-1024x-q80.webp 1024w, https_/ww/phamily_image-4-2250x-q]
[www.troa.fr/media/site/502cdfe088-1735830229/phamily_image-6-600x-q90.webp 600w, https_/www.troa.fr/media/site/502cdfe088-1735830229/phamily_image-6-1024x-q80.webp 1024w, https_/ww/phamily_image-6-2250x-q]
[www.troa.fr/media/site/32644c8a04-1735830255/phamily_image-7-600x-q90.webp 600w, https_/www.troa.fr/media/site/32644c8a04-1735830255/phamily_image-7-1024x-q80.webp 1024w, https_/ww/phamily_image-7-2250x-q]
[www.troa.fr/media/site/d0c58543c4-1735830528/phamily-frame-1107-600x-q90.webp 600w, https_/www.troa.fr/media/site/d0c58543c4-1735830528/phamily-frame-1107-1024x-q80.webp 1024w, htt/phamily-frame-1107-2250]
[www.troa.fr/media/site/b04b65d9a6-1735832921/phamily_image-9-600x-q90.webp 600w, https_/www.troa.fr/media/site/b04b65d9a6-1735832921/phamily_image-9-1024x-q80.webp 1024w, https_/ww/phamily_image-9-2250x-q]
[www.troa.fr/media/site/bdeb75fd5b-1735832942/phamily_image-10-600x-q90.webp 600w, https_/www.troa.fr/media/site/bdeb75fd5b-1735832942/phamily_image-10-1024x-q80.webp 1024w, https_//phamily_image-10-2250x-]
[www.troa.fr/media/site/0da4c42cd1-1735832968/phamily_image-12-600x-q90.webp 600w, https_/www.troa.fr/media/site/0da4c42cd1-1735832968/phamily_image-12-1024x-q80.webp 1024w, https_//phamily_image-12-2250x-]
[www.troa.fr/media/site/e422c464cb-1735833005/phamily_image-11-600x-q90.webp 600w, https_/www.troa.fr/media/site/e422c464cb-1735833005/phamily_image-11-1024x-q80.webp 1024w, https_//phamily_image-11-2250x-]
[www.troa.fr/media/site/b29d35c844-1735833016/phamily_image-14-600x-q90.webp 600w, https_/www.troa.fr/media/site/b29d35c844-1735833016/phamily_image-14-1024x-q80.webp 1024w, https_//phamily_image-14-2250x-]
[www.troa.fr/media/site/2f33f7fd15-1735833044/phamily_image-15-600x-q90.webp 600w, https_/www.troa.fr/media/site/2f33f7fd15-1735833044/phamily_image-15-1024x-q80.webp 1024w, https_//phamily_image-15-2250x-]
[www.troa.fr/media/site/5c8e567bb6-1735833072/phamily_image-16-600x-q90.webp 600w, https_/www.troa.fr/media/site/5c8e567bb6-1735833072/phamily_image-16-1024x-q80.webp 1024w, https_//phamily_image-16-2250x-]
[www.troa.fr/media/site/9329bdec0c-1735853446/frame-154-600x-q90.webp 600w, https_/www.troa.fr/media/site/9329bdec0c-1735853446/frame-154-1024x-q80.webp 1024w, https_/www.troa.fr/me/frame-154-2250x-q90.36c]
[www.troa.fr/media/site/b69fcf2e3e-1735853432/70f64c576b3c475d55ba4f9e5a8aa172-600x-q90.webp/www.troa.fr/media/site/b69fcf2e3e-1735853432/70f64c576b3c475d55ba4f9e5a8aa172-1024x-q80/70f64c576b3c475d55ba4f9]
[www.troa.fr/media/site/aef29a6618-1735853486/mfk_br_creds_quote-600x-q90.webp 600w, https_/www.troa.fr/media/site/aef29a6618-1735853486/mfk_br_creds_quote-1024x-q80.webp 1024w, htt/mfk_br_creds_quote-2250]
[www.troa.fr/media/site/f1f70425c5-1735853505/pasted-image-3-600x-q90.webp 600w, https_/www.troa.fr/media/site/f1f70425c5-1735853505/pasted-image-3-1024x-q80.webp 1024w, https_/www/pasted-image-3-2250x-q9]
[www.troa.fr/media/site/c34c4a3889-1735853535/65017a2acc77d8a138967672db77302b-600x-q90.webp/www.troa.fr/media/site/c34c4a3889-1735853535/65017a2acc77d8a138967672db77302b-1024x-q80/65017a2acc77d8a13896767]
[www.troa.fr/media/site/85e14dbd36-1735853557/frame-1400003143-600x-q90.webp 600w, https_/www.troa.fr/media/site/85e14dbd36-1735853557/frame-1400003143-1024x-q80.webp 1024w, https_//frame-1400003143-2250x-]
[www.troa.fr/media/site/9c91e8ab97-1736150771/23-ec54f251cb462a65754f417d74637909-1920x-q80-6/www.troa.fr/media/site/9c91e8ab97-1736150771/23-ec54f251cb462a65754f417d74637909-1920x-/23-ec54f251cb462a65754f]
[www.troa.fr/media/site/ba99a55a55-1736150786/365448676_228170316867314_741340565682359616_n-/www.troa.fr/media/site/ba99a55a55-1736150786/365448676_228170316867314_7413405656823596/365448676_2281703168673]
[www.troa.fr/media/site/bdc24a9b99-1736150826/365620018_668283418517009_3702717107859311133_n/www.troa.fr/media/site/bdc24a9b99-1736150826/365620018_668283418517009_3702717107859311/365620018_6682834185170]
[www.troa.fr/media/site/8a6a173001-1736150849/cover-appendix-1920x-q80-600x-q90.webp 600w, ht/www.troa.fr/media/site/8a6a173001-1736150849/cover-appendix-1920x-q80-1024x-q80.webp 10/cover-appendix-1920x-q8]
[www.troa.fr/media/site/f10289fbb8-1736151000/365434131_659898422485954_3709326824278006057_n/www.troa.fr/media/site/f10289fbb8-1736151000/365434131_659898422485954_3709326824278006/365434131_6598984224859]
[www.troa.fr/media/site/95276dc2b4-1736151022/23-2d0c3b9fe71af2521d936b3e7d0fed8e-1920x-q80-6/www.troa.fr/media/site/95276dc2b4-1736151022/23-2d0c3b9fe71af2521d936b3e7d0fed8e-1920x-/23-2d0c3b9fe71af2521d93]
[www.troa.fr/media/site/23344baec1-1736151394/frame-1400003169-600x-q90.webp 600w, https_/www.troa.fr/media/site/23344baec1-1736151394/frame-1400003169-1024x-q80.webp 1024w, https_//frame-1400003169-2250x-]
[www.troa.fr/media/site/f67de45b1a-1736151465/23-2aab10ea2f7166030666bacc2da60e03-1920x-q80-6/www.troa.fr/media/site/f67de45b1a-1736151465/23-2aab10ea2f7166030666bacc2da60e03-1920x-/23-2aab10ea2f7166030666]
[www.troa.fr/media/site/c056f32adf-1736151638/12f330cb0a38e95ff60fce8586774fc6-600x-q90.webp/www.troa.fr/media/site/c056f32adf-1736151638/12f330cb0a38e95ff60fce8586774fc6-1024x-q80/12f330cb0a38e95ff60fce8]
[www.troa.fr/media/site/eaf1cd6c4d-1736151680/frame-1400003174-600x-q90.webp 600w, https_/www.troa.fr/media/site/eaf1cd6c4d-1736151680/frame-1400003174-1024x-q80.webp 1024w, https_//frame-1400003174-2250x-]
[www.troa.fr/media/site/53ff5ab7fd-1736154437/impulsion_frame1400003153-600x-q90.webp 600w, h/www.troa.fr/media/site/53ff5ab7fd-1736154437/impulsion_frame1400003153-1024x-q80.webp 1/impulsion_frame14000031]
[www.troa.fr/media/site/e91da729b5-1736154450/impulsion_frame1400003144-600x-q90.webp 600w, h/www.troa.fr/media/site/e91da729b5-1736154450/impulsion_frame1400003144-1024x-q80.webp 1/impulsion_frame14000031]
[www.troa.fr/media/site/f374934d40-1736154495/impulsion_frame1400003146-600x-q90.webp 600w, h/www.troa.fr/media/site/f374934d40-1736154495/impulsion_frame1400003146-1024x-q80.webp 1/impulsion_frame14000031]
[www.troa.fr/media/site/016df1d927-1735900483/impulsion_frame1400003157-600x-q90.webp 600w, h/www.troa.fr/media/site/016df1d927-1735900483/impulsion_frame1400003157-1024x-q80.webp 1/impulsion_frame14000031]
[www.troa.fr/media/site/ac3b1129b2-1735900509/impulsion_frame1400003149-600x-q90.webp 600w, h/www.troa.fr/media/site/ac3b1129b2-1735900509/impulsion_frame1400003149-1024x-q80.webp 1/impulsion_frame14000031]
[www.troa.fr/media/site/d6895bf5e1-1735900526/impulsion_frame1400003150-600x-q90.webp 600w, h/www.troa.fr/media/site/d6895bf5e1-1735900526/impulsion_frame1400003150-1024x-q80.webp 1/impulsion_frame14000031]
[www.troa.fr/media/site/10a67d5a3a-1735900552/impulsion_frame1400003148-600x-q90.webp 600w, h/www.troa.fr/media/site/10a67d5a3a-1735900552/impulsion_frame1400003148-1024x-q80.webp 1/impulsion_frame14000031]
[www.troa.fr/media/site/97ba35562f-1735900574/impulsion_frame1400003152-600x-q90.webp 600w, h/www.troa.fr/media/site/97ba35562f-1735900574/impulsion_frame1400003152-1024x-q80.webp 1/impulsion_frame14000031]
[www.troa.fr/media/site/872ed2d17d-1735900586/impulsion_frame1400003145-600x-q90.webp 600w, h/www.troa.fr/media/site/872ed2d17d-1735900586/impulsion_frame1400003145-1024x-q80.webp 1/impulsion_frame14000031]
[www.troa.fr/media/site/53eb115c40-1735900632/impulsion_frame1400003155-600x-q90.webp 600w, h/www.troa.fr/media/site/53eb115c40-1735900632/impulsion_frame1400003155-1024x-q80.webp 1/impulsion_frame14000031]
[www.troa.fr/media/site/fdfa703c46-1735900707/impulsion_frame1400003147-600x-q90.webp 600w, h/www.troa.fr/media/site/fdfa703c46-1735900707/impulsion_frame1400003147-1024x-q80.webp 1/impulsion_frame14000031]
[www.troa.fr/media/site/7509a44199-1735900646/impulsion_frame1400003156-600x-q90.webp 600w, h/www.troa.fr/media/site/7509a44199-1735900646/impulsion_frame1400003156-1024x-q80.webp 1/impulsion_frame14000031]
[www.troa.fr/media/site/85c175aedc-1735900665/impulsion_frame1400003151-600x-q90.webp 600w, h/www.troa.fr/media/site/85c175aedc-1735900665/impulsion_frame1400003151-1024x-q80.webp 1/impulsion_frame14000031]
[www.troa.fr/media/site/1131bdf14e-1765367018/atomic-design-contenu-hero-600x-q90.webp 600w,/www.troa.fr/media/site/1131bdf14e-1765367018/atomic-design-contenu-hero-1024x-q80.webp/atomic-design-contenu-h]
[www.troa.fr/media/site/8d0476742a-1765375972/atomic_design_organism_structure-600x-q90.webp/www.troa.fr/media/site/8d0476742a-1765375972/atomic_design_organism_structure-1024x-q80/atomic_design_organism_]
[www.troa.fr/media/site/e88395f5f0-1765375958/atomic_design_molecule_structure-600x-q90.webp/www.troa.fr/media/site/e88395f5f0-1765375958/atomic_design_molecule_structure-1024x-q80/atomic_design_molecule_]
[www.troa.fr/media/site/ae1cf51d4b-1765366657/atomic-design-cover-600x-q90.webp 600w, https_/www.troa.fr/media/site/ae1cf51d4b-1765366657/atomic-design-cover-1024x-q80.webp 1024w, h/atomic-design-cover-225]
[www.troa.fr/media/site/9397c75a29-1768296076/hierarchie-atomic-design-600x-q90.webp 600w, ht/www.troa.fr/media/site/9397c75a29-1768296076/hierarchie-atomic-design-1024x-q80.webp 10/hierarchie-atomic-desig]
[www.troa.fr/media/site/bb07660038-1765377533/atomic_design_atom_image-600x-q90.webp 600w, ht/www.troa.fr/media/site/bb07660038-1765377533/atomic_design_atom_image-1024x-q80.webp 10/atomic_design_atom_imag]
[www.troa.fr/media/site/0d00c60b31-1765377542/atomic_design_atom_button-600x-q90.webp 600w, h/www.troa.fr/media/site/0d00c60b31-1765377542/atomic_design_atom_button-1024x-q80.webp 1/atomic_design_atom_butt]
[www.troa.fr/media/site/91e21e6ae5-1761829983/greenr-troa-3-600x-q90.webp 600w, https_/www.troa.fr/media/site/91e21e6ae5-1761829983/greenr-troa-3-1024x-q80.webp 1024w, https_/www.tr/greenr-troa-3-2250x-q90]
[www.troa.fr/media/site/7a7525ec3c-1756388303/ia-et-creation-contenu-hero-600x-q90.webp 600w,/www.troa.fr/media/site/7a7525ec3c-1756388303/ia-et-creation-contenu-hero-1024x-q80.webp/ia-et-creation-contenu-]
[www.troa.fr/media/site/d3bf725449-1755850456/kirby4-demo-600x-q90.webp 600w, https_/www.troa.fr/media/site/d3bf725449-1755850456/kirby4-demo-1024x-q80.webp 1024w, https_/www.troa.f/kirby4-demo-2250x-q90.3]
[www.troa.fr/media/site/7f3bb31b4e-1746518312/vanilla-js-troa-small2-600x-q90.webp 600w, http/www.troa.fr/media/site/7f3bb31b4e-1746518312/vanilla-js-troa-small2-1024x-q80.webp 1024/vanilla-js-troa-small2-]
[www.troa.fr/media/site/f6925fe811-1746458989/vanilla-js-troa-600x-q90.webp 600w, https_/www.troa.fr/media/site/f6925fe811-1746458989/vanilla-js-troa-1024x-q80.webp 1024w, https_/ww/vanilla-js-troa-2250x-q]
[www.troa.fr/media/site/9ff227d9dd-1744638083/cover-cdrp-3-1-600x-q90.webp 600w, https_/www.troa.fr/media/site/9ff227d9dd-1744638083/cover-cdrp-3-1-1024x-q80.webp 1024w, https_/www/cover-cdrp-3-1-2250x-q9]
[www.troa.fr/media/site/2fb11d731f-1742899785/kirby-cms-logo-600x-q90.webp 600w, https_/www.troa.fr/media/site/2fb11d731f-1742899785/kirby-cms-logo-1024x-q80.webp 1024w, https_/www/kirby-cms-logo-2250x-q9]
[www.troa.fr/media/site/64e7da12e5-1742900150/kirby-cms-troa-2025-600x-q90.webp 600w, https_/www.troa.fr/media/site/64e7da12e5-1742900150/kirby-cms-troa-2025-1024x-q80.webp 1024w, h/kirby-cms-troa-2025-225]
[www.troa.fr/media/site/88581f5bf6-1735901707/kaleo-cover-600x-q90.webp 600w, https_/www.troa.fr/media/site/88581f5bf6-1735901707/kaleo-cover-1024x-q80.webp 1024w, https_/www.troa.f/kaleo-cover-2250x-q90.3]
[www.troa.fr/media/site/2a97045565-1740506368/micro-interactions1-600x-q90.webp 600w, https_/www.troa.fr/media/site/2a97045565-1740506368/micro-interactions1-1024x-q80.webp 1024w, h/micro-interactions1-225]
[www.troa.fr/media/site/ce97876b6a-1740506374/micro-interactions2-600x-q90.webp 600w, https_/www.troa.fr/media/site/ce97876b6a-1740506374/micro-interactions2-1024x-q80.webp 1024w, h/micro-interactions2-225]
[www.troa.fr/actualites/satisfaction-recommandation-maitriser-parcours-client.html]
[www.troa.fr/media/site/c825e92dfb-1737481716/parcours-client-achat-600x-q90.webp 600w, https/www.troa.fr/media/site/c825e92dfb-1737481716/parcours-client-achat-1024x-q80.webp 1024w/parcours-client-achat-2]
[www.troa.fr/media/site/a1e41d5ed3-1728997404/clara-troa-cover-600x-q90.webp 600w, https_/www.troa.fr/media/site/a1e41d5ed3-1728997404/clara-troa-cover-1024x-q80.webp 1024w, https_//clara-troa-cover-2250x-]
[www.troa.fr/media/site/aa0c3234dc-1728996372/mathieu-troa-cover-600x-q90.webp 600w, https_/www.troa.fr/media/site/aa0c3234dc-1728996372/mathieu-troa-cover-1024x-q80.webp 1024w, htt/mathieu-troa-cover-2250]
[www.troa.fr/media/site/1a7c64c3bd-1728998692/webgl-cover-600x-q90.webp 600w, https_/www.troa.fr/media/site/1a7c64c3bd-1728998692/webgl-cover-1024x-q80.webp 1024w, https_/www.troa.f/webgl-cover-2250x-q90.3]
[www.troa.fr/media/site/00796054eb-1728994969/romain-troa-cover-600x-q90.webp 600w, https_/www.troa.fr/media/site/00796054eb-1728994969/romain-troa-cover-1024x-q80.webp 1024w, https/romain-troa-cover-2250x]
[www.troa.fr/media/site/993a9f610b-1727355316/googleanalytics_troa_cover-600x-q90.webp 600w,/www.troa.fr/media/site/993a9f610b-1727355316/googleanalytics_troa_cover-1024x-q80.webp/googleanalytics_troa_co]
[www.troa.fr/media/site/ff0c650be5-1746798037/laboucle-cover-600x-q90.webp 600w, https_/www.troa.fr/media/site/ff0c650be5-1746798037/laboucle-cover-1024x-q80.webp 1024w, https_/www/laboucle-cover-2250x-q9]
[www.troa.fr/media/site/3ccf9d0e09-1729001903/brice-troa-cover-600x-q90.webp 600w, https_/www.troa.fr/media/site/3ccf9d0e09-1729001903/brice-troa-cover-1024x-q80.webp 1024w, https_//brice-troa-cover-2250x-]
[www.troa.fr/media/site/e5dc6fd6a2-1734541637/design-responsable-full-600x-q90.webp 600w, htt/www.troa.fr/media/site/e5dc6fd6a2-1734541637/design-responsable-full-1024x-q80.webp 102/design-responsable-full]
[www.troa.fr/media/site/36234d3095-1734538662/site-vitrine-troa-3-600x-q90.webp 600w, https_/www.troa.fr/media/site/36234d3095-1734538662/site-vitrine-troa-3-1024x-q80.webp 1024w, h/site-vitrine-troa-3-225]
[www.troa.fr/media/site/a67bf0e970-1728985752/accessibilite-web-big-600x-q90.webp 600w, https/www.troa.fr/media/site/a67bf0e970-1728985752/accessibilite-web-big-1024x-q80.webp 1024w/accessibilite-web-big-2]
[www.troa.fr/media/site/c356cdd1d5-1728985762/accessibilite-web-big2-600x-q90.webp 600w, http/www.troa.fr/media/site/c356cdd1d5-1728985762/accessibilite-web-big2-1024x-q80.webp 1024/accessibilite-web-big2-]
[www.troa.fr/media/site/429d4751b1-1733483869/base-seo-big-600x-q90.webp 600w, https_/www.troa.fr/media/site/429d4751b1-1733483869/base-seo-big-1024x-q80.webp 1024w, https_/www.troa/base-seo-big-2250x-q90]
[www.troa.fr/media/site/c653809a3d-1733495620/seo-tenor-1-600x-q90.webp 600w, https_/www.troa.fr/media/site/c653809a3d-1733495620/seo-tenor-1-1024x-q80.webp 1024w, https_/www.troa.f/seo-tenor-1-2250x-q90.3]
[www.troa.fr/media/site/a9aa26d279-1733496153/base-seo-small2-600x-q90.webp 600w, https_/www.troa.fr/media/site/a9aa26d279-1733496153/base-seo-small2-1024x-q80.webp 1024w, https_/ww/base-seo-small2-2250x-q]
[www.troa.fr/media/site/16633948ce-1733496440/base-seo-small3-600x-q90.webp 600w, https_/www.troa.fr/media/site/16633948ce-1733496440/base-seo-small3-1024x-q80.webp 1024w, https_/ww/base-seo-small3-2250x-q]
[www.troa.fr/media/site/873b2a02f3-1728986892/annual-awwwards2021-big-600x-q90.webp 600w, htt/www.troa.fr/media/site/873b2a02f3-1728986892/annual-awwwards2021-big-1024x-q80.webp 102/annual-awwwards2021-big]
[www.troa.fr/media/site/887a07a3f0-1737481593/parcours-client-web-2-600x-q90.webp 600w, https/www.troa.fr/media/site/887a07a3f0-1737481593/parcours-client-web-2-1024x-q80.webp 1024w/parcours-client-web-2-2]
[www.troa.fr/media/site/704db0edbf-1737481601/parcours-client-web-1-600x-q90.webp 600w, https/www.troa.fr/media/site/704db0edbf-1737481601/parcours-client-web-1-1024x-q80.webp 1024w/parcours-client-web-1-2]
[www.troa.fr/media/site/602959570f-1737480666/parcours-client-web-600x-q90.webp 600w, https_/www.troa.fr/media/site/602959570f-1737480666/parcours-client-web-1024x-q80.webp 1024w, h/parcours-client-web-225]
[www.troa.fr/media/site/102651fe2a-1737480790/net-promoter-score-600x-q90.webp 600w, https_/www.troa.fr/media/site/102651fe2a-1737480790/net-promoter-score-1024x-q80.webp 1024w, htt/net-promoter-score-2250]
[www.troa.fr/media/site/6e711968e3-1733500756/clara-header-600x-q90.webp 600w, https_/www.troa.fr/media/site/6e711968e3-1733500756/clara-header-1024x-q80.webp 1024w, https_/www.troa/clara-header-2250x-q90]
[www.troa.fr/media/site/9932369c34-1728995737/wttj-600x-q90.webp 600w, https_/www.troa.fr/media/site/9932369c34-1728995737/wttj-1024x-q80.webp 1024w, https_/www.troa.fr/media/site/9/wttj-2250x-q90.412.dela]
[www.troa.fr/media/site/f94aade0b0-1733500747/clara-wttj-600x-q90.webp 600w, https_/www.troa.fr/media/site/f94aade0b0-1733500747/clara-wttj-1024x-q80.webp 1024w, https_/www.troa.fr//clara-wttj-2250x-q90.41]
[www.troa.fr/media/site/4a5c6dc91e-1733497076/clara-chef-projet-1-600x-q90.webp 600w, https_/www.troa.fr/media/site/4a5c6dc91e-1733497076/clara-chef-projet-1-1024x-q80.webp 1024w, h/clara-chef-projet-1-225]
[www.troa.fr/media/site/5aa108ec1a-1728997886/clara-troa-big2-600x-q90.webp 600w, https_/www.troa.fr/media/site/5aa108ec1a-1728997886/clara-troa-big2-1024x-q80.webp 1024w, https_/ww/clara-troa-big2-2250x-q]
[www.troa.fr/media/site/5e8f9b3f47-1733497335/clara-chef-projet-2-600x-q90.webp 600w, https_/www.troa.fr/media/site/5e8f9b3f47-1733497335/clara-chef-projet-2-1024x-q80.webp 1024w, h/clara-chef-projet-2-225]
[www.troa.fr/media/site/5f02c53b37-1733501111/mathieu-header2-600x-q90.webp 600w, https_/www.troa.fr/media/site/5f02c53b37-1733501111/mathieu-header2-1024x-q80.webp 1024w, https_/ww/mathieu-header2-2250x-q]
[www.troa.fr/media/site/f003b58ddc-1733500941/mathieu-wttj-600x-q90.webp 600w, https_/www.troa.fr/media/site/f003b58ddc-1733500941/mathieu-wttj-1024x-q80.webp 1024w, https_/www.troa/mathieu-wttj-2250x-q90]
[www.troa.fr/media/site/7d7e23e217-1733497832/mathieu-dg-1-600x-q90.webp 600w, https_/www.troa.fr/media/site/7d7e23e217-1733497832/mathieu-dg-1-1024x-q80.webp 1024w, https_/www.troa/mathieu-dg-1-2250x-q90]
[www.troa.fr/media/site/7b6984319a-1728997114/mathieu-troa-big2-600x-q90.webp 600w, https_/www.troa.fr/media/site/7b6984319a-1728997114/mathieu-troa-big2-1024x-q80.webp 1024w, https/mathieu-troa-big2-2250x]
[www.troa.fr/media/site/9cb812f4be-1728998829/webgl-full-600x-q90.webp 600w, https_/www.troa.fr/media/site/9cb812f4be-1728998829/webgl-full-1024x-q80.webp 1024w, https_/www.troa.fr//webgl-full-2250x-q90.42]
[www.troa.fr/media/site/71f5500290-1728999372/3d-api-rendus-webgl-600x-q90.webp 600w, https_/www.troa.fr/media/site/71f5500290-1728999372/3d-api-rendus-webgl-1024x-q80.webp 1024w, h/3d-api-rendus-webgl-225]
[www.troa.fr/media/site/6c8f7a84ac-1728999601/librairies-webgl-600x-q90.webp 600w, https_/www.troa.fr/media/site/6c8f7a84ac-1728999601/librairies-webgl-1024x-q80.webp 1024w, https_//librairies-webgl-2250x-]
[www.troa.fr/media/site/7901dcc6fa-1728999675/rodeo-webgl-big-600x-q90.webp 600w, https_/www.troa.fr/media/site/7901dcc6fa-1728999675/rodeo-webgl-big-1024x-q80.webp 1024w, https_/ww/rodeo-webgl-big-2250x-q]
[www.troa.fr/media/site/ebea8b95e8-1729000577/3d-render-pipeline-600x-q90.webp 600w, https_/www.troa.fr/media/site/ebea8b95e8-1729000577/3d-render-pipeline-1024x-q80.webp 1024w, htt/3d-render-pipeline-2250]
[www.troa.fr/media/site/a6a68ff8c1-1729000695/unsoundscapes-600x-q90.webp 600w, https_/www.troa.fr/media/site/a6a68ff8c1-1729000695/unsoundscapes-1024x-q80.webp 1024w, https_/www.tr/unsoundscapes-2250x-q90]
[www.troa.fr/media/site/9fa1363f94-1729000832/web-coordinates-600x-q90.webp 600w, https_/www.troa.fr/media/site/9fa1363f94-1729000832/web-coordinates-1024x-q80.webp 1024w, https_/ww/web-coordinates-2250x-q]
[www.troa.fr/media/site/b57f1c376b-1733502359/romain-header-600x-q90.webp 600w, https_/www.troa.fr/media/site/b57f1c376b-1733502359/romain-header-1024x-q80.webp 1024w, https_/www.tr/romain-header-2250x-q90]
[www.troa.fr/media/site/08faafee14-1733502368/romain-wttj-600x-q90.webp 600w, https_/www.troa.fr/media/site/08faafee14-1733502368/romain-wttj-1024x-q80.webp 1024w, https_/www.troa.f/romain-wttj-2250x-q90.4]
[www.troa.fr/media/site/b0f35f5e24-1733502716/romain-small-2-600x-q90.webp 600w, https_/www.troa.fr/media/site/b0f35f5e24-1733502716/romain-small-2-1024x-q80.webp 1024w, https_/www/romain-small-2-2250x-q9]
[www.troa.fr/media/site/8bdc62c64b-1728996105/romain-troa-big2-600x-q90.webp 600w, https_/www.troa.fr/media/site/8bdc62c64b-1728996105/romain-troa-big2-1024x-q80.webp 1024w, https_//romain-troa-big2-2250x-]
[www.troa.fr/media/site/db68c56ec6-1728400548/google_analytics_full-600x-q90.webp 600w, https/www.troa.fr/media/site/db68c56ec6-1728400548/google_analytics_full-1024x-q80.webp 1024w/google_analytics_full-2]
[www.troa.fr/media/site/d180c1d602-1728985222/googleanalytics_troa_small-600x-q90.webp 600w,/www.troa.fr/media/site/d180c1d602-1728985222/googleanalytics_troa_small-1024x-q80.webp/googleanalytics_troa_sm]
[www.troa.fr/media/site/cc96320a6f-1733498461/metrics-1-600x-q90.webp 600w, https_/www.troa.fr/media/site/cc96320a6f-1733498461/metrics-1-1024x-q80.webp 1024w, https_/www.troa.fr/me/metrics-1-2250x-q90.43e]
[www.troa.fr/media/site/6a884ba330-1746798092/laboucle-small-600x-q90.webp 600w, https_/www.troa.fr/media/site/6a884ba330-1746798092/laboucle-small-1024x-q80.webp 1024w, https_/www/laboucle-small-2250x-q9]
[www.troa.fr/media/site/c108d33af6-1746798099/laboucle-big-600x-q90.webp 600w, https_/www.troa.fr/media/site/c108d33af6-1746798099/laboucle-big-1024x-q80.webp 1024w, https_/www.troa/laboucle-big-2250x-q90]
[www.troa.fr/media/site/fb69bc41eb-1746798657/laboucle-troa-600x-q90.webp 600w, https_/www.troa.fr/media/site/fb69bc41eb-1746798657/laboucle-troa-1024x-q80.webp 1024w, https_/www.tr/laboucle-troa-2250x-q90]
[www.troa.fr/media/site/f867b50292-1734607909/brice-da-troa2024-600x-q90.webp 600w, https_/www.troa.fr/media/site/f867b50292-1734607909/brice-da-troa2024-1024x-q80.webp 1024w, https/brice-da-troa2024-2250x]
[www.troa.fr/media/site/157b37f3e4-1734607766/brice-da-troa-600x-q90.webp 600w, https_/www.troa.fr/media/site/157b37f3e4-1734607766/brice-da-troa-1024x-q80.webp 1024w, https_/www.tr/brice-da-troa-2250x-q90]
[www.troa.fr/media/site/4fc100b981-1734608003/brice-da-troa2024-2-600x-q90.webp 600w, https_/www.troa.fr/media/site/4fc100b981-1734608003/brice-da-troa2024-2-1024x-q80.webp 1024w, h/brice-da-troa2024-2-225]
[www.troa.fr/media/site/7d418f7539-1729001882/brice-troa-big2-600x-q90.webp 600w, https_/www.troa.fr/media/site/7d418f7539-1729001882/brice-troa-big2-1024x-q80.webp 1024w, https_/ww/brice-troa-big2-2250x-q]
